date,1. open,2. high,3. low,4. close,5. volume,Stock
2025-01-17,232.115,232.29,228.48,229.98,68488301.0,AAPL
2025-01-16,237.35,238.01,228.03,228.26,71759052.0,AAPL
2025-01-15,234.635,238.96,234.43,237.87,39831969.0,AAPL
2025-01-14,234.75,236.12,232.472,233.28,39435294.0,AAPL
2025-01-13,233.53,234.67,229.72,234.4,49630725.0,AAPL
2025-01-10,240.01,240.16,233.0,236.85,61710856.0,AAPL
2025-01-08,241.92,243.7123,240.05,242.7,37628940.0,AAPL
2025-01-07,242.98,245.55,241.35,242.21,40855960.0,AAPL
2025-01-06,244.31,247.33,243.2,245.0,45045571.0,AAPL
2025-01-03,243.36,244.18,241.89,243.36,40244114.0,AAPL
2025-01-02,248.93,249.1,241.8201,243.85,55740731.0,AAPL
2024-12-31,252.44,253.28,249.43,250.42,39480718.0,AAPL
2024-12-30,252.23,253.5,250.75,252.2,35557542.0,AAPL
2024-12-27,257.83,258.7,253.06,255.59,42355321.0,AAPL
2024-12-26,258.19,260.1,257.63,259.02,27262983.0,AAPL
2024-12-24,255.49,258.21,255.29,258.2,23234705.0,AAPL
2024-12-23,254.77,255.65,253.45,255.27,40858774.0,AAPL
2024-12-20,248.04,255.0,245.69,254.49,147495267.0,AAPL
2024-12-19,247.5,252.0,247.0949,249.79,60882264.0,AAPL
2024-12-18,252.16,254.28,247.74,248.05,56774101.0,AAPL
2024-12-17,250.08,253.83,249.78,253.48,51356360.0,AAPL
2024-12-16,247.99,251.38,247.65,251.04,51694753.0,AAPL
2024-12-13,247.815,249.2902,246.24,248.13,33155290.0,AAPL
2024-12-12,246.89,248.74,245.68,247.96,32777532.0,AAPL
2024-12-11,247.96,250.8,246.2601,246.49,45205814.0,AAPL
2024-12-10,246.89,248.21,245.34,247.77,36914806.0,AAPL
2024-12-09,241.83,247.24,241.75,246.75,44649232.0,AAPL
2024-12-06,242.905,244.63,242.08,242.84,36870619.0,AAPL
2024-12-05,243.99,244.54,242.13,243.04,40033878.0,AAPL
2024-12-04,242.87,244.11,241.25,243.01,44383935.0,AAPL
2024-12-03,239.81,242.76,238.9,242.65,38861017.0,AAPL
2024-12-02,237.27,240.79,237.16,239.59,48137103.0,AAPL
2024-11-29,234.81,237.81,233.97,237.33,28481377.0,AAPL
2024-11-27,234.465,235.69,233.8101,234.93,33498439.0,AAPL
2024-11-26,233.33,235.57,233.33,235.06,45986189.0,AAPL
2024-11-25,231.46,233.245,229.74,232.87,90152832.0,AAPL
2024-11-22,228.06,230.7199,228.06,229.87,38168252.0,AAPL
2024-11-21,228.88,230.155,225.7103,228.52,42108327.0,AAPL
2024-11-20,228.06,229.93,225.89,229.0,35169566.0,AAPL
2024-11-19,226.98,230.16,226.66,228.28,36211774.0,AAPL
2024-11-18,225.25,229.74,225.17,228.02,44686020.0,AAPL
2024-11-15,226.4,226.92,224.27,225.0,47923696.0,AAPL
2024-11-14,225.02,228.87,225.0,228.22,44923941.0,AAPL
2024-11-13,224.01,226.65,222.76,225.12,48566217.0,AAPL
2024-11-12,224.55,225.59,223.355,224.23,40398299.0,AAPL
2024-11-11,225.0,225.7,221.5,224.23,42005602.0,AAPL
2024-11-08,227.17,228.66,226.405,226.96,38328824.0,AAPL
2024-11-07,224.625,227.875,224.57,227.48,42137691.0,AAPL
2024-11-06,222.61,226.065,221.19,222.72,54561121.0,AAPL
2024-11-05,221.795,223.95,221.14,223.45,28111338.0,AAPL
2024-11-04,220.99,222.79,219.71,222.01,44944468.0,AAPL
2024-11-01,220.965,225.35,220.27,222.91,65276741.0,AAPL
2024-10-31,229.34,229.83,225.37,225.91,64370086.0,AAPL
2024-10-30,232.61,233.47,229.55,230.1,47070907.0,AAPL
2024-10-29,233.1,234.325,232.32,233.67,35417247.0,AAPL
2024-10-28,233.32,234.73,232.55,233.4,36087134.0,AAPL
2024-10-25,229.74,233.22,229.57,231.41,38802304.0,AAPL
2024-10-24,229.98,230.82,228.41,230.57,31109503.0,AAPL
2024-10-23,234.08,235.144,227.76,230.76,52286979.0,AAPL
2024-10-22,233.885,236.22,232.6,235.86,38846578.0,AAPL
2024-10-21,234.45,236.85,234.45,236.48,36254470.0,AAPL
2024-10-18,236.18,236.18,234.01,235.0,46431472.0,AAPL
2024-10-17,233.43,233.85,230.52,232.15,32993810.0,AAPL
2024-10-16,231.6,232.12,229.84,231.78,34082240.0,AAPL
2024-10-15,233.61,237.49,232.37,233.85,64751367.0,AAPL
2024-10-14,228.7,231.73,228.6,231.3,39882085.0,AAPL
2024-10-11,229.3,229.41,227.34,227.55,31759188.0,AAPL
2024-10-10,227.78,229.5,227.17,229.04,28183544.0,AAPL
2024-10-09,225.23,229.75,224.83,229.54,33591091.0,AAPL
2024-10-08,224.3,225.98,223.25,225.77,31855693.0,AAPL
2024-10-07,224.5,225.69,221.33,221.69,39505354.0,AAPL
2024-10-04,227.9,228.0,224.13,226.8,37345098.0,AAPL
2024-10-03,225.14,226.805,223.32,225.67,34044158.0,AAPL
2024-10-02,225.89,227.37,223.02,226.78,32880605.0,AAPL
2024-10-01,229.52,229.65,223.74,226.21,63285048.0,AAPL
2024-09-30,230.04,233.0,229.65,233.0,54793391.0,AAPL
2024-09-27,228.46,229.52,227.3,227.79,34025967.0,AAPL
2024-09-26,227.3,228.5,225.41,227.52,36636707.0,AAPL
2024-09-25,224.93,227.29,224.02,226.37,42308715.0,AAPL
2024-09-24,228.645,229.35,225.73,227.37,43556068.0,AAPL
2024-09-23,227.34,229.45,225.81,226.47,54146023.0,AAPL
2024-09-20,229.97,233.09,227.62,228.2,318679888.0,AAPL
2024-09-19,224.99,229.82,224.63,228.87,66781315.0,AAPL
2024-09-18,217.55,222.71,217.54,220.69,59894928.0,AAPL
2024-09-17,215.75,216.9,214.5,216.79,45519339.0,AAPL
2024-09-16,216.54,217.22,213.92,216.32,59357427.0,AAPL
2024-09-13,223.58,224.04,221.91,222.5,36766619.0,AAPL
2024-09-12,222.5,223.55,219.82,222.77,37498225.0,AAPL
2024-09-11,221.455,223.09,217.89,222.66,44587072.0,AAPL
2024-09-10,218.92,221.48,216.73,220.11,51591033.0,AAPL
2024-09-09,220.82,221.27,216.71,220.91,67179965.0,AAPL
2024-09-06,223.95,225.24,219.77,220.82,48423011.0,AAPL
2024-09-05,221.625,225.48,221.52,222.38,36615398.0,AAPL
2024-09-04,221.66,221.78,217.48,220.85,43262758.0,AAPL
2024-09-03,228.55,229.0,221.17,222.77,50190574.0,AAPL
2024-08-30,230.19,230.4,227.48,229.0,52990770.0,AAPL
2024-08-29,230.1,232.92,228.88,229.79,51906297.0,AAPL
2024-08-28,227.92,229.86,225.68,226.49,38052167.0,AAPL
2024-08-27,225.995,228.85,224.89,228.03,35934559.0,AAPL
2024-08-26,226.76,227.28,223.8905,227.18,30602208.0,AAPL
2024-08-23,225.6589,228.22,224.33,226.84,38677250.0,AAPL
2024-08-22,227.79,228.34,223.9,224.53,43695321.0,AAPL
2024-08-21,226.52,227.98,225.05,226.4,34765480.0,AAPL
2024-08-20,225.77,227.17,225.45,226.51,30299033.0,AAPL
2024-08-19,225.72,225.99,223.04,225.89,40687813.0,AAPL
2024-08-16,223.92,226.8271,223.6501,226.05,44340240.0,AAPL
2024-08-15,224.6,225.35,222.76,224.72,46414013.0,AAPL
2024-08-14,220.57,223.03,219.7,221.72,41960574.0,AAPL
2024-08-13,219.01,221.89,219.01,221.27,44155331.0,AAPL
2024-08-12,216.07,219.5099,215.6,217.53,38028092.0,AAPL
2024-08-09,212.1,216.78,211.97,216.24,42201646.0,AAPL
2024-08-08,213.11,214.2,208.83,213.31,47161149.0,AAPL
2024-08-07,206.9,213.64,206.39,209.82,63516417.0,AAPL
2024-08-06,205.3,209.99,201.07,207.23,69660488.0,AAPL
2024-08-05,199.09,213.5,196.0,209.27,119548589.0,AAPL
2024-08-02,219.15,225.6,217.71,219.86,105568560.0,AAPL
2024-08-01,224.37,224.48,217.02,218.36,62500996.0,AAPL
2024-07-31,221.44,223.82,220.63,222.08,50036262.0,AAPL
2024-07-30,219.19,220.325,216.12,218.8,41643840.0,AAPL
2024-07-29,216.96,219.3,215.75,218.24,36311778.0,AAPL
2024-07-26,218.7,219.49,216.01,217.96,41601345.0,AAPL
2024-07-25,218.93,220.85,214.62,217.49,51391199.0,AAPL
2024-07-24,224.0,224.8,217.13,218.54,61777576.0,AAPL
2024-07-23,224.365,226.94,222.68,225.01,39960260.0,AAPL
2024-07-22,227.01,227.78,223.09,223.96,48201835.0,AAPL
2024-07-19,224.82,226.8,223.275,224.31,49151453.0,AAPL
2024-07-18,230.28,230.44,222.27,224.18,66034585.0,AAPL
2024-07-17,229.45,231.4599,226.64,228.88,57345884.0,AAPL
2024-07-16,235.0,236.27,232.33,234.82,43234278.0,AAPL
2024-07-15,236.48,237.23,233.09,234.4,62631252.0,AAPL
2024-07-12,228.92,232.64,228.68,230.54,53046527.0,AAPL
2024-07-11,231.39,232.39,225.77,227.57,64710617.0,AAPL
2024-07-10,229.3,233.08,229.25,232.98,62627687.0,AAPL
2024-07-09,227.93,229.4,226.3721,228.68,48169822.0,AAPL
2024-07-08,227.09,227.85,223.25,227.82,59085861.0,AAPL
2024-07-05,221.65,226.45,221.65,226.34,60412408.0,AAPL
2024-07-03,220.0,221.55,219.03,221.55,37369801.0,AAPL
2024-07-02,216.15,220.38,215.1,220.27,58046178.0,AAPL
2024-07-01,212.09,217.51,211.92,216.75,60402929.0,AAPL
2024-06-28,215.77,216.07,210.3,210.62,82542718.0,AAPL
2024-06-27,214.69,215.7395,212.35,214.1,49772707.0,AAPL
2024-06-26,211.5,214.86,210.64,213.25,66213186.0,AAPL
2024-06-25,209.15,211.38,208.61,209.07,56713868.0,AAPL
2024-06-24,207.72,212.7,206.59,208.14,80727006.0,AAPL
2024-06-21,210.39,211.89,207.11,207.49,246421353.0,AAPL
2024-06-20,213.93,214.24,208.85,209.68,86172451.0,AAPL
2024-06-18,217.59,218.63,213.0,214.29,79943254.0,AAPL
2024-06-17,213.37,218.95,212.72,216.67,93728300.0,AAPL
2024-06-14,213.85,215.17,211.3,212.49,70122748.0,AAPL
2024-06-13,214.74,216.75,211.6,214.24,97862729.0,AAPL
2024-06-12,207.37,220.2,206.9,213.07,198134293.0,AAPL
2024-06-11,193.65,207.16,193.63,207.15,172373296.0,AAPL
2024-06-10,196.9,197.3,192.15,193.12,97262077.0,AAPL
2024-06-07,194.65,196.94,194.14,196.89,53103912.0,AAPL
2024-06-06,195.685,196.5,194.17,194.48,41181753.0,AAPL
2024-06-05,195.4,196.9,194.87,195.87,54156785.0,AAPL
2024-06-04,194.635,195.32,193.0342,194.35,47471445.0,AAPL
2024-06-03,192.9,194.99,192.52,194.03,50080539.0,AAPL
2024-05-31,191.44,192.57,189.91,192.25,75158277.0,AAPL
2024-05-30,190.76,192.18,190.63,191.29,49947941.0,AAPL
2024-05-29,189.61,192.247,189.51,190.29,53068016.0,AAPL
2024-05-28,191.51,193.0,189.1,189.99,52280051.0,AAPL
2024-05-24,188.82,190.58,188.0404,189.98,36326975.0,AAPL
2024-05-23,190.98,191.0,186.625,186.88,51005924.0,AAPL
2024-05-22,192.265,192.8231,190.27,190.9,34648547.0,AAPL
2024-05-21,191.09,192.73,190.9201,192.35,42309401.0,AAPL
2024-05-20,189.325,191.9199,189.01,191.04,44361275.0,AAPL
2024-05-17,189.51,190.81,189.18,189.87,41282925.0,AAPL
2024-05-16,190.47,191.095,189.6601,189.84,52845230.0,AAPL
2024-05-15,187.91,190.65,187.37,189.72,70399988.0,AAPL
2024-05-14,187.51,188.3,186.29,187.43,52393619.0,AAPL
2024-05-13,185.435,187.1,184.62,186.28,72044809.0,AAPL
2024-05-10,184.9,185.09,182.13,183.05,50759496.0,AAPL
2024-05-09,182.56,184.66,182.11,184.57,48982972.0,AAPL
2024-05-08,182.85,183.07,181.45,182.74,45057087.0,AAPL
2024-05-07,183.45,184.9,181.32,182.4,77305771.0,AAPL
2024-05-06,182.354,184.2,180.42,181.71,78569667.0,AAPL
2024-05-03,186.645,187.0,182.66,183.38,163224109.0,AAPL
2024-05-02,172.51,173.415,170.89,173.03,94214915.0,AAPL
2024-05-01,169.58,172.705,169.11,169.3,50383147.0,AAPL
2024-04-30,173.33,174.99,170.0,170.33,65934776.0,AAPL
2024-04-29,173.37,176.03,173.1,173.5,68169419.0,AAPL
2024-04-26,169.88,171.34,169.18,169.3,44838354.0,AAPL
2024-04-25,169.525,170.61,168.1511,169.89,50558329.0,AAPL
2024-04-24,166.54,169.3,166.21,169.02,48251835.0,AAPL
2024-04-23,165.35,167.05,164.92,166.9,49537761.0,AAPL
2024-04-22,165.515,167.26,164.77,165.84,48116443.0,AAPL
2024-04-19,166.21,166.4,164.075,165.0,68149377.0,AAPL
2024-04-18,168.03,168.64,166.55,167.04,43122903.0,AAPL
2024-04-17,169.61,170.65,168.0,168.0,50901210.0,AAPL
2024-04-16,171.75,173.76,168.27,169.38,73711235.0,AAPL
2024-04-15,175.36,176.63,172.5,172.69,73531773.0,AAPL
2024-04-12,174.26,178.36,174.21,176.55,101670886.0,AAPL
2024-04-11,168.34,175.46,168.16,175.04,91070275.0,AAPL
2024-04-10,168.8,169.09,167.11,167.78,49709336.0,AAPL
2024-04-09,168.7,170.08,168.35,169.67,42231444.0,AAPL
2024-04-08,169.03,169.2,168.24,168.45,37216858.0,AAPL
2024-04-05,169.59,170.39,168.95,169.58,41975776.0,AAPL
2024-04-04,170.29,171.92,168.82,168.82,53355055.0,AAPL
2024-04-03,168.79,170.68,168.58,169.65,45571129.0,AAPL
2024-04-02,169.08,169.34,168.2302,168.84,49013991.0,AAPL
2024-04-01,171.19,171.25,169.475,170.03,43772506.0,AAPL
2024-03-28,171.75,172.23,170.51,171.48,65672690.0,AAPL
2024-03-27,170.41,173.6,170.11,173.31,60273265.0,AAPL
2024-03-26,170.0,171.42,169.58,169.71,57388449.0,AAPL
2024-03-25,170.565,171.94,169.45,170.85,54288328.0,AAPL
2024-03-22,171.76,173.05,170.06,172.28,71160138.0,AAPL
2024-03-21,177.05,177.49,170.84,171.37,106181270.0,AAPL
2024-03-20,175.72,178.67,175.09,178.67,53423102.0,AAPL
2024-03-19,174.34,176.605,173.03,176.08,55215244.0,AAPL
2024-03-18,175.57,177.71,173.52,173.72,75604184.0,AAPL
2024-03-15,171.17,172.62,170.285,172.62,121752699.0,AAPL
2024-03-14,172.91,174.3078,172.05,173.0,72571635.0,AAPL
2024-03-13,172.77,173.185,170.76,171.13,51948951.0,AAPL
2024-03-12,173.15,174.03,171.01,173.23,59544927.0,AAPL
2024-03-11,172.94,174.38,172.05,172.75,58929918.0,AAPL
2024-03-08,169.0,173.7,168.94,170.73,76267041.0,AAPL
2024-03-07,169.15,170.73,168.49,169.0,71765061.0,AAPL
2024-03-06,171.06,171.24,168.68,169.12,68587707.0,AAPL
2024-03-05,170.76,172.04,169.62,170.12,95132355.0,AAPL
2024-03-04,176.15,176.9,173.79,175.1,81510101.0,AAPL
2024-03-01,179.55,180.53,177.38,179.66,73563082.0,AAPL
2024-02-29,181.27,182.57,179.53,180.75,136682597.0,AAPL
2024-02-28,182.51,183.12,180.13,181.42,48953939.0,AAPL
2024-02-27,181.1,183.9225,179.56,182.63,54318851.0,AAPL
2024-02-26,182.24,182.76,180.65,181.16,40867421.0,AAPL
2024-02-23,185.01,185.04,182.23,182.52,45119677.0,AAPL
2024-02-22,183.48,184.955,182.46,184.37,52292208.0,AAPL
2024-02-21,181.94,182.8888,180.66,182.32,41529674.0,AAPL
2024-02-20,181.79,182.43,180.0,181.56,53665553.0,AAPL
2024-02-16,183.42,184.85,181.665,182.31,49752465.0,AAPL
2024-02-15,183.55,184.49,181.35,183.86,65434496.0,AAPL
2024-02-14,185.32,185.53,182.44,184.15,54630517.0,AAPL
2024-02-13,185.77,186.21,183.5128,185.04,56529529.0,AAPL
2024-02-12,188.415,188.67,186.79,187.15,41781934.0,AAPL
2024-02-09,188.65,189.99,188.0,188.85,45155216.0,AAPL
2024-02-08,189.385,189.535,187.35,188.32,40962046.0,AAPL
2024-02-07,190.64,191.05,188.61,189.41,53438955.0,AAPL
2024-02-06,186.86,189.31,186.7695,189.3,43490759.0,AAPL
2024-02-05,188.15,189.25,185.84,187.68,69668820.0,AAPL
2024-02-02,179.86,187.33,179.25,185.85,102551680.0,AAPL
2024-02-01,183.985,186.95,183.82,186.86,64885408.0,AAPL
2024-01-31,187.04,187.095,184.35,184.4,55467803.0,AAPL
2024-01-30,190.94,191.8,187.47,188.04,55859370.0,AAPL
2024-01-29,192.01,192.2,189.58,191.73,47145622.0,AAPL
2024-01-26,194.27,194.76,191.94,192.42,44594011.0,AAPL
2024-01-25,195.22,196.2675,193.1125,194.17,54822126.0,AAPL
2024-01-24,195.42,196.38,194.34,194.5,53463269.0,AAPL
2024-01-23,195.02,195.75,193.8299,195.18,42355590.0,AAPL
2024-01-22,192.3,195.33,192.26,193.89,60133852.0,AAPL
2024-01-19,189.33,191.95,188.82,191.56,68902985.0,AAPL
2024-01-18,186.09,189.14,185.83,188.63,78005754.0,AAPL
2024-01-17,181.27,182.93,180.3,182.68,47317433.0,AAPL
2024-01-16,182.16,184.26,180.934,183.63,65603041.0,AAPL
2024-01-12,186.06,186.74,185.19,185.92,40477782.0,AAPL
2024-01-11,186.54,187.05,183.62,185.59,49128408.0,AAPL
2024-01-10,184.35,186.4,183.92,186.19,46792908.0,AAPL
2024-01-09,183.92,185.15,182.73,185.14,42841809.0,AAPL
2024-01-08,182.085,185.6,181.5,185.56,59144470.0,AAPL
2024-01-05,181.99,182.76,180.17,181.18,62196924.0,AAPL
2024-01-04,182.15,183.0872,180.88,181.91,71983570.0,AAPL
2024-01-03,184.22,185.88,183.43,184.25,58414460.0,AAPL
2024-01-02,187.15,188.44,183.885,185.64,82488674.0,AAPL
2025-01-17,434.085,434.48,428.17,429.03,26197507.0,MSFT
2025-01-16,428.695,429.49,424.39,424.58,15300023.0,MSFT
2025-01-15,419.13,428.15,418.265,426.31,19637838.0,MSFT
2025-01-14,417.81,419.74,410.72,415.67,16935856.0,MSFT
2025-01-13,415.235,418.5,412.29,417.19,17604780.0,MSFT
2025-01-10,424.63,424.71,415.02,418.95,20201132.0,MSFT
2025-01-08,423.46,426.97,421.54,424.56,15054575.0,MSFT
2025-01-07,429.0,430.65,420.8,422.37,18139065.0,MSFT
2025-01-06,428.0,434.32,425.4774,427.85,20573648.0,MSFT
2025-01-03,421.08,424.03,419.54,423.35,16662943.0,MSFT
2025-01-02,425.53,426.07,414.85,418.58,16896469.0,MSFT
2024-12-31,426.1,426.73,420.66,421.5,13246509.0,MSFT
2024-12-30,426.06,427.55,421.9,424.83,13158703.0,MSFT
2024-12-27,434.6,435.22,426.35,430.53,18117713.0,MSFT
2024-12-26,439.08,440.94,436.63,438.11,8199927.0,MSFT
2024-12-24,434.65,439.6,434.19,439.33,7164543.0,MSFT
2024-12-23,436.74,437.65,432.83,435.25,19152519.0,MSFT
2024-12-20,433.11,443.74,428.63,436.6,64263694.0,MSFT
2024-12-19,441.62,443.1834,436.32,437.03,22963681.0,MSFT
2024-12-18,451.32,452.65,437.02,437.39,24444545.0,MSFT
2024-12-17,451.01,455.29,449.57,454.46,22733494.0,MSFT
2024-12-16,447.27,452.18,445.28,451.59,23598834.0,MSFT
2024-12-13,448.435,451.43,445.58,447.27,20177833.0,MSFT
2024-12-12,449.11,456.1648,449.11,449.56,20834779.0,MSFT
2024-12-11,444.05,450.35,444.05,448.99,19200208.0,MSFT
2024-12-10,444.39,449.62,441.6,443.33,18469459.0,MSFT
2024-12-09,442.6,448.33,440.5,446.02,19144388.0,MSFT
2024-12-06,442.3,446.1,441.7703,443.57,18821002.0,MSFT
2024-12-05,437.92,444.66,436.171,442.62,21697775.0,MSFT
2024-12-04,433.03,439.67,432.63,437.42,26009429.0,MSFT
2024-12-03,429.84,432.47,427.74,431.2,18301987.0,MSFT
2024-12-02,421.57,433.0,421.31,430.98,20207223.0,MSFT
2024-11-29,420.09,424.88,417.8,423.46,16271921.0,MSFT
2024-11-27,425.105,427.2299,422.02,422.99,18332444.0,MSFT
2024-11-26,419.585,429.0414,418.85,427.99,23458889.0,MSFT
2024-11-25,418.38,421.08,414.85,418.79,27691090.0,MSFT
2024-11-22,411.365,417.4,411.06,417.0,24814626.0,MSFT
2024-11-21,419.5,419.78,410.2887,412.87,20780162.0,MSFT
2024-11-20,416.87,417.29,410.58,415.49,19191655.0,MSFT
2024-11-19,413.11,417.94,411.55,417.79,18133529.0,MSFT
2024-11-18,414.87,418.4037,412.1,415.76,24742013.0,MSFT
2024-11-15,419.82,422.8,413.64,415.0,28247644.0,MSFT
2024-11-14,425.0,428.17,420.0,426.89,30246881.0,MSFT
2024-11-13,421.64,429.325,418.21,425.2,21502185.0,MSFT
2024-11-12,418.25,424.44,417.2,423.03,19401204.0,MSFT
2024-11-11,422.515,424.81,416.0,418.01,24503321.0,MSFT
2024-11-08,425.32,426.5,421.78,422.54,16891414.0,MSFT
2024-11-07,421.28,426.85,419.88,425.43,19901782.0,MSFT
2024-11-06,412.42,420.45,410.52,420.18,26681842.0,MSFT
2024-11-05,408.37,414.9,408.08,411.46,17626011.0,MSFT
2024-11-04,409.8,410.415,405.5713,408.46,19672286.0,MSFT
2024-11-01,409.01,415.5,407.5,410.37,24230442.0,MSFT
2024-10-31,415.36,416.16,406.3,406.35,53970981.0,MSFT
2024-10-30,437.435,438.5,432.1,432.53,29749149.0,MSFT
2024-10-29,428.0,433.17,425.8001,431.95,17644080.0,MSFT
2024-10-28,431.655,431.94,426.3,426.59,14882444.0,MSFT
2024-10-25,426.76,432.52,426.565,428.15,16899064.0,MSFT
2024-10-24,425.325,425.9782,422.4,424.73,13581631.0,MSFT
2024-10-23,430.855,431.08,422.53,424.6,19654379.0,MSFT
2024-10-22,418.49,430.5793,418.04,427.51,25482197.0,MSFT
2024-10-21,416.12,418.96,413.7501,418.78,14206115.0,MSFT
2024-10-18,417.14,419.65,416.2601,418.16,17145317.0,MSFT
2024-10-17,422.36,422.5,415.59,416.72,14820004.0,MSFT
2024-10-16,415.17,416.36,410.48,416.12,15508932.0,MSFT
2024-10-15,422.18,422.48,415.26,418.74,18900201.0,MSFT
2024-10-14,417.77,424.04,417.52,419.14,16653086.0,MSFT
2024-10-11,416.135,417.13,413.25,416.32,14144944.0,MSFT
2024-10-10,415.225,417.35,413.15,415.84,13848376.0,MSFT
2024-10-09,415.86,420.38,414.3,417.46,14974257.0,MSFT
2024-10-08,410.9,415.66,408.17,414.71,19229261.0,MSFT
2024-10-07,416.0,417.11,409.0,409.54,20919761.0,MSFT
2024-10-04,418.24,419.75,414.97,416.06,19190913.0,MSFT
2024-10-03,417.63,419.55,414.29,416.54,13686421.0,MSFT
2024-10-02,422.58,422.82,416.71,417.13,16582257.0,MSFT
2024-10-01,428.45,428.48,418.81,420.69,19092945.0,MSFT
2024-09-30,428.21,430.42,425.37,430.3,16854606.0,MSFT
2024-09-27,431.52,431.85,427.47,428.02,14896131.0,MSFT
2024-09-26,435.085,435.3,429.13,431.31,14492044.0,MSFT
2024-09-25,429.83,433.119,428.57,432.11,13396364.0,MSFT
2024-09-24,433.0,433.35,426.1,429.17,17015754.0,MSFT
2024-09-23,434.28,436.46,430.3889,433.51,15128891.0,MSFT
2024-09-20,437.22,439.24,434.22,435.27,55167106.0,MSFT
2024-09-19,441.225,441.5,436.9,438.69,21706559.0,MSFT
2024-09-18,435.0,436.03,430.41,430.81,18898042.0,MSFT
2024-09-17,440.23,441.85,432.27,435.15,18874231.0,MSFT
2024-09-16,430.6,433.53,428.22,431.34,13834697.0,MSFT
2024-09-13,425.825,431.83,425.46,430.59,15874555.0,MSFT
2024-09-12,423.31,427.3692,419.75,427.0,17418759.0,MSFT
2024-09-11,415.5,423.99,409.58,423.04,19266923.0,MSFT
2024-09-10,408.2,416.33,407.7,414.2,19594287.0,MSFT
2024-09-09,407.24,408.65,402.15,405.72,15295134.0,MSFT
2024-09-06,409.06,410.65,400.8,401.7,19609526.0,MSFT
2024-09-05,407.62,413.1,406.13,408.39,14195516.0,MSFT
2024-09-04,405.91,411.24,404.37,408.9,14886710.0,MSFT
2024-09-03,417.91,419.88,407.03,409.44,20313603.0,MSFT
2024-08-30,415.6,417.49,412.13,417.14,24308324.0,MSFT
2024-08-29,414.94,422.05,410.6,413.12,17045241.0,MSFT
2024-08-28,414.88,415.0,407.31,410.6,14882660.0,MSFT
2024-08-27,412.86,414.36,410.25,413.84,13492911.0,MSFT
2024-08-26,416.365,417.2799,411.34,413.49,13152830.0,MSFT
2024-08-23,416.98,419.26,412.09,416.79,18493784.0,MSFT
2024-08-22,424.36,426.7899,414.61,415.55,19361901.0,MSFT
2024-08-21,424.075,426.4,421.72,424.14,16067298.0,MSFT
2024-08-20,421.7,425.86,421.64,424.8,16387581.0,MSFT
2024-08-19,418.96,421.75,416.46,421.53,15233957.0,MSFT
2024-08-16,420.6,421.34,417.3,418.47,22775593.0,MSFT
2024-08-15,419.8,421.11,417.66,421.03,20752144.0,MSFT
2024-08-14,414.8,417.72,412.4456,416.86,18266980.0,MSFT
2024-08-13,409.59,414.95,409.57,414.01,19414271.0,MSFT
2024-08-12,407.06,408.76,404.2434,406.81,16762883.0,MSFT
2024-08-09,404.03,408.05,402.2624,406.02,19276666.0,MSFT
2024-08-08,402.44,405.86,399.9407,402.69,20203030.0,MSFT
2024-08-07,408.635,410.08,397.47,398.43,20650906.0,MSFT
2024-08-06,400.0,405.67,398.5,399.61,24946525.0,MSFT
2024-08-05,389.17,401.04,385.58,395.15,40709238.0,MSFT
2024-08-02,412.49,415.0,404.34,408.49,29437900.0,MSFT
2024-08-01,420.785,427.46,413.0901,417.11,30296400.0,MSFT
2024-07-31,420.495,421.775,412.21,418.35,42891366.0,MSFT
2024-07-30,427.72,429.05,417.36,422.92,32687578.0,MSFT
2024-07-29,431.58,432.15,424.7042,426.73,15125836.0,MSFT
2024-07-26,418.2,428.915,417.27,425.27,23583839.0,MSFT
2024-07-25,428.8,429.8,417.51,418.4,29943795.0,MSFT
2024-07-24,440.45,441.48,427.585,428.9,26805800.0,MSFT
2024-07-23,443.895,448.39,443.1,444.85,13107050.0,MSFT
2024-07-22,441.79,444.6,438.9125,442.94,15808755.0,MSFT
2024-07-19,433.1,441.14,432.0,437.11,20940417.0,MSFT
2024-07-18,444.34,444.65,434.4,440.37,20794822.0,MSFT
2024-07-17,442.59,444.85,439.18,443.52,21754021.0,MSFT
2024-07-16,454.22,454.3,446.66,449.52,17175679.0,MSFT
2024-07-15,453.3,457.26,451.43,453.96,14429447.0,MSFT
2024-07-12,454.325,456.36,450.645,453.55,16324274.0,MSFT
2024-07-11,462.98,464.78,451.55,454.7,23111175.0,MSFT
2024-07-10,461.22,466.46,458.855,466.25,18196100.0,MSFT
2024-07-09,467.0,467.33,458.0,459.54,17228507.0,MSFT
2024-07-08,466.55,467.7,464.46,466.24,12962321.0,MSFT
2024-07-05,459.61,468.35,458.965,467.56,16000290.0,MSFT
2024-07-03,458.19,461.02,457.88,460.77,9932830.0,MSFT
2024-07-02,453.2,459.59,453.113,459.28,13979779.0,MSFT
2024-07-01,448.66,457.37,445.66,456.73,17662818.0,MSFT
2024-06-28,453.07,455.38,446.41,446.95,28362271.0,MSFT
2024-06-27,452.175,456.17,451.77,452.85,14806324.0,MSFT
2024-06-26,449.0,453.6,448.19,452.16,16507030.0,MSFT
2024-06-25,448.25,451.42,446.75,450.95,16747529.0,MSFT
2024-06-24,449.8,452.75,446.41,447.67,15913719.0,MSFT
2024-06-21,447.38,450.58,446.51,449.78,34486172.0,MSFT
2024-06-20,446.3,446.53,441.27,445.7,19877378.0,MSFT
2024-06-18,449.705,450.14,444.89,446.34,17112504.0,MSFT
2024-06-17,442.585,450.94,440.72,448.37,20790030.0,MSFT
2024-06-14,438.275,443.1376,436.721,442.57,13581985.0,MSFT
2024-06-13,440.85,443.39,439.37,441.58,15960565.0,MSFT
2024-06-12,435.32,443.4,433.25,441.06,22366233.0,MSFT
2024-06-11,425.475,432.82,425.25,432.68,14551101.0,MSFT
2024-06-10,424.7,428.08,423.89,427.87,14003034.0,MSFT
2024-06-07,426.2,426.28,423.0,423.85,13621650.0,MSFT
2024-06-06,424.01,425.31,420.58,424.52,14861251.0,MSFT
2024-06-05,417.81,424.08,416.3,424.01,16988038.0,MSFT
2024-06-04,412.43,416.44,409.675,416.07,14348917.0,MSFT
2024-06-03,415.525,416.43,408.9234,413.52,17484675.0,MSFT
2024-05-31,416.75,416.75,404.51,415.13,47995250.0,MSFT
2024-05-30,424.3,424.3,414.24,414.67,28424847.0,MSFT
2024-05-29,425.69,430.94,425.69,429.17,15517130.0,MSFT
2024-05-28,429.63,430.82,426.6,430.32,15718024.0,MSFT
2024-05-24,427.19,431.055,424.41,430.16,11855285.0,MSFT
2024-05-23,432.97,433.6,425.424,427.0,17211689.0,MSFT
2024-05-22,430.09,432.41,427.13,430.52,18073698.0,MSFT
2024-05-21,426.825,432.97,424.85,429.04,21453255.0,MSFT
2024-05-20,420.21,426.77,419.99,425.34,16272137.0,MSFT
2024-05-17,422.54,422.92,418.025,420.21,15352239.0,MSFT
2024-05-16,421.8,425.42,420.35,420.99,17530050.0,MSFT
2024-05-15,417.9,423.81,417.27,423.08,22239533.0,MSFT
2024-05-14,412.02,417.49,411.55,416.56,15109306.0,MSFT
2024-05-13,418.01,418.348,410.82,413.72,15440226.0,MSFT
2024-05-10,412.935,415.38,411.8,414.74,13402281.0,MSFT
2024-05-09,410.57,412.72,409.1,412.32,14689727.0,MSFT
2024-05-08,408.17,412.23,406.7132,410.54,11792308.0,MSFT
2024-05-07,414.66,414.67,409.09,409.34,20018228.0,MSFT
2024-05-06,408.76,413.93,406.3701,413.54,16996639.0,MSFT
2024-05-03,402.28,407.15,401.86,406.66,17446724.0,MSFT
2024-05-02,397.66,399.93,394.6515,397.84,17709364.0,MSFT
2024-05-01,392.61,401.7199,390.31,394.94,23562481.0,MSFT
2024-04-30,401.49,402.16,389.17,389.33,28781374.0,MSFT
2024-04-29,405.25,406.32,399.19,402.25,19582091.0,MSFT
2024-04-26,412.17,413.0,405.7601,406.32,29694654.0,MSFT
2024-04-25,394.03,399.8899,388.03,399.04,40586450.0,MSFT
2024-04-24,409.56,412.47,406.78,409.06,15065330.0,MSFT
2024-04-23,404.235,408.2,403.06,407.57,15734501.0,MSFT
2024-04-22,400.08,402.85,395.75,400.96,20286875.0,MSFT
2024-04-19,404.03,405.48,397.77,399.12,30565789.0,MSFT
2024-04-18,410.63,411.89,403.95,404.27,21029917.0,MSFT
2024-04-17,417.25,418.88,410.33,411.84,15855485.0,MSFT
2024-04-16,414.57,418.4,413.7301,414.58,16765616.0,MSFT
2024-04-15,426.6,426.82,413.43,413.64,20273538.0,MSFT
2024-04-12,424.05,425.1794,419.77,421.9,19253750.0,MSFT
2024-04-11,425.82,429.37,422.36,427.93,17966423.0,MSFT
2024-04-10,422.19,424.03,419.7,423.26,16216581.0,MSFT
2024-04-09,426.44,427.74,421.62,426.28,12468710.0,MSFT
2024-04-08,425.17,427.28,423.3,424.59,14248192.0,MSFT
2024-04-05,420.01,426.51,418.32,425.52,16526878.0,MSFT
2024-04-04,424.99,428.67,417.57,417.88,19290884.0,MSFT
2024-04-03,419.73,423.26,419.085,420.45,16462007.0,MSFT
2024-04-02,420.11,422.38,417.84,421.44,17861855.0,MSFT
2024-04-01,423.95,427.89,422.22,424.57,15602611.0,MSFT
2024-03-28,420.96,421.87,419.12,420.72,21871161.0,MSFT
2024-03-27,424.44,424.45,419.01,421.43,16704978.0,MSFT
2024-03-26,425.61,425.99,421.35,421.65,16725647.0,MSFT
2024-03-25,425.24,427.41,421.61,422.86,18060450.0,MSFT
2024-03-22,429.7,429.86,426.07,428.74,17648473.0,MSFT
2024-03-21,429.83,430.82,427.16,429.37,21296222.0,MSFT
2024-03-20,422.0,425.96,420.66,425.23,17860085.0,MSFT
2024-03-19,417.83,421.6656,415.55,421.41,19837915.0,MSFT
2024-03-18,414.25,420.73,413.78,417.32,20105977.0,MSFT
2024-03-15,419.29,422.6,412.79,416.42,45079903.0,MSFT
2024-03-14,420.24,427.82,417.99,425.22,33955263.0,MSFT
2024-03-13,418.1,418.18,411.45,415.1,16990048.0,MSFT
2024-03-12,407.62,415.57,406.79,415.28,21563656.0,MSFT
2024-03-11,403.76,405.68,401.26,404.52,15998511.0,MSFT
2024-03-08,407.96,410.42,404.33,406.22,18002186.0,MSFT
2024-03-07,406.12,409.78,402.24,409.14,18718479.0,MSFT
2024-03-06,402.97,405.16,398.39,402.09,22344149.0,MSFT
2024-03-05,413.96,414.25,400.64,402.65,26919177.0,MSFT
2024-03-04,413.44,417.35,412.32,414.92,17595956.0,MSFT
2024-03-01,411.27,415.87,410.88,415.5,17823445.0,MSFT
2024-02-29,408.64,414.2,405.92,413.64,31947263.0,MSFT
2024-02-28,408.175,409.3,405.3201,407.72,13183125.0,MSFT
2024-02-27,407.99,408.32,403.85,407.48,14835827.0,MSFT
2024-02-26,411.455,412.16,407.36,407.54,16193505.0,MSFT
2024-02-23,415.67,415.86,408.97,410.34,16295879.0,MSFT
2024-02-22,410.19,412.83,408.57,411.65,27009869.0,MSFT
2024-02-21,400.17,402.29,397.22,402.18,18631072.0,MSFT
2024-02-20,403.24,404.49,398.01,402.79,24307915.0,MSFT
2024-02-16,407.96,408.29,403.44,404.06,22296495.0,MSFT
2024-02-15,408.14,409.13,404.29,406.56,21825525.0,MSFT
2024-02-14,408.07,409.84,404.57,409.49,20401190.0,MSFT
2024-02-13,404.94,410.071,403.39,406.32,27824936.0,MSFT
2024-02-12,420.555,420.74,414.75,415.26,21202921.0,MSFT
2024-02-09,415.25,420.82,415.09,420.55,22032844.0,MSFT
2024-02-08,414.05,415.56,412.53,414.11,21225257.0,MSFT
2024-02-07,407.44,414.3,407.4,414.05,22340526.0,MSFT
2024-02-06,405.88,407.97,402.91,405.49,18382624.0,MSFT
2024-02-05,409.9,411.16,403.99,405.65,25352286.0,MSFT
2024-02-02,403.81,412.65,403.56,411.22,28256670.0,MSFT
2024-02-01,401.83,408.0,401.8,403.78,30657726.0,MSFT
2024-01-31,406.96,415.32,397.21,397.58,47871097.0,MSFT
2024-01-30,412.26,413.05,406.4501,408.59,33477610.0,MSFT
2024-01-29,406.06,409.98,404.33,409.72,24510236.0,MSFT
2024-01-26,404.37,406.17,402.43,403.93,17803271.0,MSFT
2024-01-25,404.32,407.01,402.5294,404.87,21021155.0,MSFT
2024-01-24,401.54,405.63,400.45,402.56,23281889.0,MSFT
2024-01-23,395.75,399.38,393.93,398.9,20525882.0,MSFT
2024-01-22,400.02,400.62,393.59,396.51,27016902.0,MSFT
2024-01-19,395.76,398.67,393.5,398.67,29331136.0,MSFT
2024-01-18,391.72,393.99,390.12,393.87,23392068.0,MSFT
2024-01-17,387.98,390.11,384.81,389.47,22234108.0,MSFT
2024-01-16,393.66,394.03,387.6229,390.27,27202268.0,MSFT
2024-01-12,385.49,388.68,384.65,388.47,21661153.0,MSFT
2024-01-11,386.0,390.68,380.38,384.63,27850846.0,MSFT
2024-01-10,376.37,384.17,376.32,382.77,25514245.0,MSFT
2024-01-09,372.01,375.99,371.19,375.79,20829953.0,MSFT
2024-01-08,369.3,375.2,369.01,374.69,23133967.0,MSFT
2024-01-05,368.97,372.06,366.5,367.75,20074451.0,MSFT
2024-01-04,370.665,373.1,367.17,367.94,20901502.0,MSFT
2024-01-03,369.01,373.2562,368.51,370.6,23083465.0,MSFT
2024-01-02,373.86,375.9,366.771,370.87,25258633.0,MSFT
2025-01-17,196.53,197.23,193.75,196.0,27735089.0,GOOGL
2025-01-16,194.14,195.48,192.81,192.91,17815432.0,GOOGL
2025-01-15,193.09,196.36,191.86,195.55,21775969.0,GOOGL
2025-01-14,191.24,191.98,188.3082,189.66,17174854.0,GOOGL
2025-01-13,190.07,191.18,187.36,191.01,21823699.0,GOOGL
2025-01-10,194.295,196.52,190.31,192.04,26665206.0,GOOGL
2025-01-08,192.57,196.29,192.38,193.95,24864766.0,GOOGL
2025-01-07,197.11,201.0,194.6,195.49,26487244.0,GOOGL
2025-01-06,193.98,198.2222,193.85,196.87,29563638.0,GOOGL
2025-01-03,191.37,193.21,189.975,191.79,18596159.0,GOOGL
2025-01-02,190.65,192.0,187.5,189.43,20370828.0,GOOGL
2024-12-31,191.075,191.96,188.51,189.3,17466919.0,GOOGL
2024-12-30,189.8,192.55,189.12,191.24,14264659.0,GOOGL
2024-12-27,194.95,195.32,190.65,192.76,18891362.0,GOOGL
2024-12-26,195.15,196.748,194.375,195.6,12057210.0,GOOGL
2024-12-24,194.84,196.11,193.78,196.11,10403259.0,GOOGL
2024-12-23,192.62,195.1,190.15,194.63,25675014.0,GOOGL
2024-12-20,185.78,192.89,185.22,191.41,63462934.0,GOOGL
2024-12-19,191.625,193.03,188.38,188.51,32265241.0,GOOGL
2024-12-18,195.22,197.0,187.74,188.4,34166074.0,GOOGL
2024-12-17,197.25,201.42,194.98,195.42,43504025.0,GOOGL
2024-12-16,192.87,199.0,192.62,196.66,44934901.0,GOOGL
2024-12-13,191.01,192.73,189.64,189.82,25143495.0,GOOGL
2024-12-12,195.0,195.18,191.71,191.96,34817486.0,GOOGL
2024-12-11,185.31,195.61,184.85,195.4,67894071.0,GOOGL
2024-12-10,182.845,186.36,181.05,185.17,54813022.0,GOOGL
2024-12-09,173.96,176.26,173.65,175.37,25389631.0,GOOGL
2024-12-06,172.03,175.08,171.86,174.71,21462393.0,GOOGL
2024-12-05,175.36,176.06,172.33,172.64,21356243.0,GOOGL
2024-12-04,171.145,174.91,171.06,174.37,31615137.0,GOOGL
2024-12-03,171.49,172.68,170.85,171.34,22248705.0,GOOGL
2024-12-02,168.765,172.075,168.57,171.49,23789084.0,GOOGL
2024-11-29,168.5,169.43,167.16,168.95,14257244.0,GOOGL
2024-11-27,169.0,169.4832,168.02,169.23,19266511.0,GOOGL
2024-11-26,167.63,169.82,167.58,169.12,20486720.0,GOOGL
2024-11-25,166.09,168.63,165.6072,167.65,33135263.0,GOOGL
2024-11-22,165.85,166.46,163.9,164.76,38604587.0,GOOGL
2024-11-21,173.9,174.13,163.7,167.63,59734379.0,GOOGL
2024-11-20,177.34,177.675,173.78,175.98,18997111.0,GOOGL
2024-11-19,173.72,178.87,173.56,178.12,23434925.0,GOOGL
2024-11-18,173.42,175.438,172.9,175.3,20206613.0,GOOGL
2024-11-15,173.73,174.14,171.22,172.49,32504649.0,GOOGL
2024-11-14,178.28,178.82,174.3218,175.58,31007457.0,GOOGL
2024-11-13,180.46,180.96,178.54,178.88,23184003.0,GOOGL
2024-11-12,179.82,182.49,179.39,181.62,25134905.0,GOOGL
2024-11-11,178.58,180.545,178.47,180.35,17450354.0,GOOGL
2024-11-08,180.645,180.9,178.08,178.35,22006182.0,GOOGL
2024-11-07,177.41,181.08,177.19,180.75,25352939.0,GOOGL
2024-11-06,173.8,176.94,173.5,176.51,33695538.0,GOOGL
2024-11-05,169.43,170.53,168.84,169.74,18242050.0,GOOGL
2024-11-04,169.93,170.73,168.011,169.24,21492744.0,GOOGL
2024-11-01,170.07,172.32,168.88,171.29,31796477.0,GOOGL
2024-10-31,173.13,176.82,171.0,171.11,44768981.0,GOOGL
2024-10-30,180.68,182.02,174.0599,174.46,68890787.0,GOOGL
2024-10-29,167.73,170.38,167.0896,169.68,42169025.0,GOOGL
2024-10-28,168.75,168.75,163.95,166.72,32138641.0,GOOGL
2024-10-25,163.67,165.59,163.42,165.27,19828884.0,GOOGL
2024-10-24,162.83,163.33,161.01,162.72,22412527.0,GOOGL
2024-10-23,164.76,165.82,161.925,162.78,18280518.0,GOOGL
2024-10-22,162.98,165.77,162.98,165.14,16568121.0,GOOGL
2024-10-21,162.95,164.5,162.62,164.07,20946455.0,GOOGL
2024-10-18,163.19,164.71,163.08,163.42,19757661.0,GOOGL
2024-10-17,165.73,166.37,162.76,162.93,21453395.0,GOOGL
2024-10-16,164.53,165.8,163.74,165.16,16406030.0,GOOGL
2024-10-15,165.785,167.68,164.625,165.46,20247195.0,GOOGL
2024-10-14,163.64,166.226,163.4,164.96,19016141.0,GOOGL
2024-10-11,162.13,163.9,161.235,163.24,15344251.0,GOOGL
2024-10-10,160.87,163.07,160.395,162.08,14144068.0,GOOGL
2024-10-09,163.45,164.84,159.74,161.86,31181774.0,GOOGL
2024-10-08,163.94,164.725,162.87,164.38,23072733.0,GOOGL
2024-10-07,167.72,168.48,162.75,162.98,22463140.0,GOOGL
2024-10-04,168.06,168.23,165.48,167.06,19093724.0,GOOGL
2024-10-03,164.41,166.64,163.923,165.86,15073101.0,GOOGL
2024-10-02,166.42,167.52,164.73,165.86,17760179.0,GOOGL
2024-10-01,167.685,169.16,164.58,166.99,28338123.0,GOOGL
2024-09-30,163.32,166.15,163.26,165.85,20481303.0,GOOGL
2024-09-27,162.81,165.7,162.6261,163.95,21101307.0,GOOGL
2024-09-26,163.64,164.08,162.28,162.73,20319336.0,GOOGL
2024-09-25,161.47,162.81,161.3,161.49,18869199.0,GOOGL
2024-09-24,163.03,163.2158,160.69,162.29,23332147.0,GOOGL
2024-09-23,164.35,165.49,161.67,161.85,24150852.0,GOOGL
2024-09-20,163.5,163.73,162.06,163.59,40896438.0,GOOGL
2024-09-19,163.71,163.79,161.34,162.14,26587733.0,GOOGL
2024-09-18,159.86,160.5,158.595,159.81,23677315.0,GOOGL
2024-09-17,159.02,160.55,158.375,159.32,20715612.0,GOOGL
2024-09-16,157.31,158.25,156.6,158.06,18379775.0,GOOGL
2024-09-13,155.43,158.38,155.21,157.46,29591152.0,GOOGL
2024-09-12,153.8,154.82,152.65,154.69,29695048.0,GOOGL
2024-09-11,149.92,151.5,147.52,151.16,29607693.0,GOOGL
2024-09-10,150.45,151.27,148.34,148.66,31118765.0,GOOGL
2024-09-09,152.51,153.4,147.215,148.71,39260451.0,GOOGL
2024-09-06,157.3,157.83,150.55,150.92,37912130.0,GOOGL
2024-09-05,156.3,159.45,155.9805,157.24,18688747.0,GOOGL
2024-09-04,156.655,159.0,155.9616,156.45,19197458.0,GOOGL
2024-09-03,161.72,161.85,156.48,157.36,38945301.0,GOOGL
2024-08-30,162.615,163.66,161.6925,163.38,22123811.0,GOOGL
2024-08-29,164.31,165.97,160.25,161.78,19699767.0,GOOGL
2024-08-28,165.035,165.6,161.5284,162.85,16407444.0,GOOGL
2024-08-27,165.835,166.4426,164.46,164.68,11821941.0,GOOGL
2024-08-26,166.38,167.55,164.455,166.16,14190417.0,GOOGL
2024-08-23,164.72,166.18,163.83,165.62,13955741.0,GOOGL
2024-08-22,167.26,167.59,163.31,163.8,22493275.0,GOOGL
2024-08-21,165.15,166.85,164.67,165.85,22901997.0,GOOGL
2024-08-20,166.9,168.64,166.82,167.18,18341533.0,GOOGL
2024-08-19,165.28,166.69,164.26,166.67,22416185.0,GOOGL
2024-08-16,161.47,165.06,161.13,162.96,24208647.0,GOOGL
2024-08-15,160.5,161.635,159.61,161.3,31524252.0,GOOGL
2024-08-14,162.4,163.22,157.71,160.37,40591126.0,GOOGL
2024-08-13,163.41,164.73,162.97,164.16,18551690.0,GOOGL
2024-08-12,164.35,164.9,161.84,162.29,15895286.0,GOOGL
2024-08-09,160.01,163.79,159.06,163.67,28602285.0,GOOGL
2024-08-08,160.51,163.69,160.21,162.03,25578839.0,GOOGL
2024-08-07,161.25,162.98,158.47,158.94,25138573.0,GOOGL
2024-08-06,159.33,160.57,156.41,158.29,49004561.0,GOOGL
2024-08-05,155.5,164.43,154.93,159.25,53630673.0,GOOGL
2024-08-02,166.44,168.51,164.67,166.66,29130102.0,GOOGL
2024-08-01,170.25,174.05,168.88,170.76,24531392.0,GOOGL
2024-07-31,173.24,174.245,170.01,171.54,25729090.0,GOOGL
2024-07-30,170.24,171.2299,168.44,170.29,18959686.0,GOOGL
2024-07-29,168.83,170.43,167.99,169.53,20293822.0,GOOGL
2024-07-26,167.15,168.09,164.06,167.0,41336886.0,GOOGL
2024-07-25,172.52,173.42,167.19,167.28,44851973.0,GOOGL
2024-07-24,173.6,176.19,171.82,172.63,49585203.0,GOOGL
2024-07-23,182.05,183.61,181.54,181.79,36352714.0,GOOGL
2024-07-22,180.59,182.7,180.23,181.67,24100345.0,GOOGL
2024-07-19,178.88,180.29,177.13,177.66,18881885.0,GOOGL
2024-07-18,181.93,182.5,176.47,177.69,25315727.0,GOOGL
2024-07-17,182.965,183.55,179.9,181.02,20734071.0,GOOGL
2024-07-16,187.36,188.68,183.3736,183.92,18290722.0,GOOGL
2024-07-15,184.92,188.24,184.92,186.53,16474043.0,GOOGL
2024-07-12,185.08,187.11,184.49,185.07,22898406.0,GOOGL
2024-07-11,189.845,190.86,185.08,185.57,25625784.0,GOOGL
2024-07-10,189.15,191.75,189.03,191.18,15952454.0,GOOGL
2024-07-09,190.31,191.36,188.72,188.98,15141312.0,GOOGL
2024-07-08,189.895,190.17,187.78,189.03,21035886.0,GOOGL
2024-07-05,185.855,190.86,185.8,190.6,20967450.0,GOOGL
2024-07-03,184.85,186.09,184.0,185.82,10242126.0,GOOGL
2024-07-02,182.05,185.57,181.56,185.24,17372485.0,GOOGL
2024-07-01,183.03,183.88,181.3,182.99,16006128.0,GOOGL
2024-06-28,184.32,185.13,181.96,182.15,29156644.0,GOOGL
2024-06-27,184.18,186.05,184.02,185.41,18848884.0,GOOGL
2024-06-26,182.63,184.51,182.48,183.88,19838972.0,GOOGL
2024-06-25,179.62,184.29,179.42,184.03,23235589.0,GOOGL
2024-06-24,180.16,180.89,178.67,179.22,18298012.0,GOOGL
2024-06-21,177.0,180.85,176.61,179.63,58582743.0,GOOGL
2024-06-20,175.37,177.29,174.99,176.3,20160085.0,GOOGL
2024-06-18,177.14,177.385,174.1042,175.09,21869857.0,GOOGL
2024-06-17,175.46,178.36,174.81,177.24,19618497.0,GOOGL
2024-06-14,174.22,177.0623,174.15,176.79,18063555.0,GOOGL
2024-06-13,176.11,176.74,174.88,175.16,20913299.0,GOOGL
2024-06-12,178.25,180.41,176.11,177.79,27864737.0,GOOGL
2024-06-11,176.22,176.84,173.7701,176.62,21540582.0,GOOGL
2024-06-10,174.97,177.06,172.76,175.01,23779218.0,GOOGL
2024-06-07,177.05,177.87,174.3,174.46,19661399.0,GOOGL
2024-06-06,175.895,177.15,175.75,176.73,23251013.0,GOOGL
2024-06-05,175.2,176.645,173.9339,175.41,22068519.0,GOOGL
2024-06-04,173.28,173.845,171.89,173.79,26879596.0,GOOGL
2024-06-03,172.54,174.525,171.16,173.17,27459118.0,GOOGL
2024-05-31,171.86,173.06,169.44,172.5,37638876.0,GOOGL
2024-05-30,175.2,175.22,171.79,172.11,22958677.0,GOOGL
2024-05-29,175.43,176.836,174.72,175.9,23388693.0,GOOGL
2024-05-28,174.45,177.27,174.365,176.4,20572157.0,GOOGL
2024-05-24,174.98,175.77,173.65,174.99,16579438.0,GOOGL
2024-05-23,177.07,178.25,172.95,173.55,21024935.0,GOOGL
2024-05-22,176.644,177.15,175.21,176.38,17880042.0,GOOGL
2024-05-21,176.9,178.15,175.81,177.85,16989369.0,GOOGL
2024-05-20,176.192,178.77,176.08,176.92,22554400.0,GOOGL
2024-05-17,174.18,176.265,173.69,176.06,24479262.0,GOOGL
2024-05-16,173.29,175.115,172.69,174.18,27867947.0,GOOGL
2024-05-15,170.63,172.65,170.51,172.51,26948370.0,GOOGL
2024-05-14,169.77,171.25,168.8,170.34,25127138.0,GOOGL
2024-05-13,164.26,169.28,164.0,169.14,31327602.0,GOOGL
2024-05-10,168.025,169.85,166.19,168.65,29799931.0,GOOGL
2024-05-09,169.39,170.69,168.18,169.96,15346700.0,GOOGL
2024-05-08,169.0,170.15,168.735,169.38,19569146.0,GOOGL
2024-05-07,168.5,171.76,168.39,171.25,28039696.0,GOOGL
2024-05-06,167.46,168.14,166.03,168.1,21871283.0,GOOGL
2024-05-03,167.56,167.96,163.05,167.24,34662432.0,GOOGL
2024-05-02,164.785,166.73,163.89,166.62,24294549.0,GOOGL
2024-05-01,164.3,167.12,163.09,163.86,33493151.0,GOOGL
2024-04-30,165.612,168.1,162.6,162.78,33562861.0,GOOGL
2024-04-29,169.058,169.55,165.21,166.15,45610024.0,GOOGL
2024-04-26,174.37,174.71,169.65,171.95,64665299.0,GOOGL
2024-04-25,151.33,156.49,150.87,156.0,57109730.0,GOOGL
2024-04-24,157.49,159.565,157.165,159.13,22779112.0,GOOGL
2024-04-23,156.96,158.97,156.28,158.26,21151568.0,GOOGL
2024-04-22,154.31,157.64,154.06,156.28,26446206.0,GOOGL
2024-04-19,156.2,156.36,152.3,154.09,32615639.0,GOOGL
2024-04-18,155.34,156.94,154.62,156.01,19883044.0,GOOGL
2024-04-17,155.62,157.08,154.58,155.47,21763130.0,GOOGL
2024-04-16,154.19,155.65,153.43,154.4,20779495.0,GOOGL
2024-04-15,158.86,159.24,154.59,154.86,27136472.0,GOOGL
2024-04-12,157.96,160.2225,157.14,157.73,25353746.0,GOOGL
2024-04-11,156.91,159.68,156.46,159.41,27166431.0,GOOGL
2024-04-10,156.21,156.61,154.68,156.14,22838629.0,GOOGL
2024-04-09,156.085,158.56,155.19,156.6,30739691.0,GOOGL
2024-04-08,152.78,155.27,152.61,154.85,20577435.0,GOOGL
2024-04-05,150.03,153.42,149.6,152.5,23328522.0,GOOGL
2024-04-04,153.5,154.77,150.45,150.53,34468227.0,GOOGL
2024-04-03,153.6,155.08,152.73,154.92,23884801.0,GOOGL
2024-04-02,153.5,154.7,152.15,154.56,24491676.0,GOOGL
2024-04-01,150.69,155.74,150.61,155.49,31308247.0,GOOGL
2024-03-28,150.85,151.43,150.17,150.93,24485390.0,GOOGL
2024-03-27,151.18,151.635,148.9,150.87,22879178.0,GOOGL
2024-03-26,150.22,152.256,149.98,150.67,22149137.0,GOOGL
2024-03-25,149.94,150.375,147.82,150.07,19229285.0,GOOGL
2024-03-22,149.12,151.58,148.98,150.77,29211769.0,GOOGL
2024-03-21,149.47,150.37,146.9001,147.6,24755597.0,GOOGL
2024-03-20,148.0,148.86,146.735,148.74,21311501.0,GOOGL
2024-03-19,148.16,148.7913,146.08,147.03,24070435.0,GOOGL
2024-03-18,148.61,152.15,147.17,147.68,69273699.0,GOOGL
2024-03-15,142.5,143.18,140.03,141.18,49475417.0,GOOGL
2024-03-14,141.19,143.585,140.455,143.1,42570686.0,GOOGL
2024-03-13,139.0,141.09,138.99,139.79,23164162.0,GOOGL
2024-03-12,137.03,139.375,137.03,138.5,27353587.0,GOOGL
2024-03-11,136.13,139.1,136.13,137.67,31677211.0,GOOGL
2024-03-08,134.21,138.085,134.0,135.41,39370392.0,GOOGL
2024-03-07,132.795,134.94,131.61,134.38,37738209.0,GOOGL
2024-03-06,133.12,133.58,130.85,131.4,35318610.0,GOOGL
2024-03-05,131.88,133.24,130.665,132.67,40194757.0,GOOGL
2024-03-04,135.66,135.66,131.91,133.35,55999415.0,GOOGL
2024-03-01,138.43,138.87,136.92,137.14,31151116.0,GOOGL
2024-02-29,137.28,138.86,136.4,138.46,42132953.0,GOOGL
2024-02-28,137.9,138.01,135.41,136.38,37328558.0,GOOGL
2024-02-27,138.02,139.25,137.09,138.88,33099190.0,GOOGL
2024-02-26,142.14,142.44,137.39,137.57,53641795.0,GOOGL
2024-02-23,143.67,144.68,143.43,143.96,19493752.0,GOOGL
2024-02-22,144.93,145.0,142.8,144.09,27191892.0,GOOGL
2024-02-21,141.45,142.69,140.675,142.55,23315687.0,GOOGL
2024-02-20,139.655,142.08,139.49,141.12,24935710.0,GOOGL
2024-02-16,142.99,143.19,140.14,140.52,31468926.0,GOOGL
2024-02-15,143.14,143.52,140.46,142.77,37590695.0,GOOGL
2024-02-14,146.08,146.52,144.094,145.94,22704166.0,GOOGL
2024-02-13,144.92,146.67,143.69,145.14,27837730.0,GOOGL
2024-02-12,148.42,149.335,147.37,147.53,21564085.0,GOOGL
2024-02-09,146.68,149.44,146.18,149.0,26829504.0,GOOGL
2024-02-08,145.83,146.33,145.105,145.91,22563764.0,GOOGL
2024-02-07,144.76,145.615,143.925,145.54,25208862.0,GOOGL
2024-02-06,144.65,145.36,143.19,144.1,29128201.0,GOOGL
2024-02-05,142.82,145.47,142.78,143.68,38505405.0,GOOGL
2024-02-02,139.26,142.62,136.5,142.38,62499574.0,GOOGL
2024-02-01,142.12,143.06,140.79,141.16,40466549.0,GOOGL
2024-01-31,143.62,144.0,139.87,140.1,71910044.0,GOOGL
2024-01-30,152.8,153.62,151.185,151.46,36331833.0,GOOGL
2024-01-29,152.06,153.78,151.43,153.51,27784259.0,GOOGL
2024-01-26,151.1,152.535,151.01,152.185,26115494.0,GOOGL
2024-01-25,150.065,153.05,149.54,151.87,29149069.0,GOOGL
2024-01-24,148.54,149.855,148.1,148.7,25155644.0,GOOGL
2024-01-23,145.89,147.182,145.5,147.04,21636129.0,GOOGL
2024-01-22,147.1,148.39,145.84,145.99,32200369.0,GOOGL
2024-01-19,144.74,146.45,144.38,146.38,34271867.0,GOOGL
2024-01-18,142.05,144.21,141.99,143.48,25746417.0,GOOGL
2024-01-17,141.345,141.84,138.9,141.47,20968649.0,GOOGL
2024-01-16,142.0,144.35,141.45,142.49,22670467.0,GOOGL
2024-01-12,142.67,143.195,141.82,142.65,18785514.0,GOOGL
2024-01-11,143.49,145.22,140.635,142.08,24008722.0,GOOGL
2024-01-10,141.0,143.0,140.91,142.28,21320203.0,GOOGL
2024-01-09,138.5,141.485,138.15,140.95,24759598.0,GOOGL
2024-01-08,136.29,139.01,136.26,138.84,21403982.0,GOOGL
2024-01-05,136.745,137.1558,135.15,135.73,21661914.0,GOOGL
2024-01-04,138.42,139.16,136.35,136.39,27137735.0,GOOGL
2024-01-03,137.25,139.63,137.08,138.92,24212147.0,GOOGL
2024-01-02,138.55,139.45,136.48,138.17,23711220.0,GOOGL
2025-01-17,225.84,226.51,223.08,225.94,42370123.0,AMZN
2025-01-16,224.42,224.65,220.31,220.66,24757276.0,AMZN
2025-01-15,222.83,223.57,220.75,223.35,31291257.0,AMZN
2025-01-14,220.44,221.82,216.2,217.76,24711650.0,AMZN
2025-01-13,218.06,219.4,216.47,218.46,27262655.0,AMZN
2025-01-10,221.46,221.71,216.5,218.94,36811525.0,AMZN
2025-01-08,223.185,223.52,220.2,222.13,25033292.0,AMZN
2025-01-07,227.9,228.381,221.46,222.11,28084164.0,AMZN
2025-01-06,226.78,228.835,224.84,227.61,31849831.0,AMZN
2025-01-03,222.505,225.36,221.62,224.19,27515606.0,AMZN
2025-01-02,222.03,225.15,218.19,220.22,33956579.0,AMZN
2024-12-31,222.965,223.2299,218.94,219.39,24819655.0,AMZN
2024-12-30,220.06,222.9972,218.43,221.3,28321240.0,AMZN
2024-12-27,225.6,226.03,220.9,223.75,27367147.0,AMZN
2024-12-26,228.5,228.5,226.6706,227.05,16174500.0,AMZN
2024-12-24,226.94,229.14,226.13,229.05,15007497.0,AMZN
2024-12-23,225.01,226.88,223.9,225.06,28070007.0,AMZN
2024-12-20,219.84,226.21,218.73,224.92,88279184.0,AMZN
2024-12-19,224.91,226.09,222.92,223.29,39918739.0,AMZN
2024-12-18,230.77,231.3999,220.11,220.52,43281443.0,AMZN
2024-12-17,232.39,232.73,227.85,231.15,35948131.0,AMZN
2024-12-16,230.23,233.0,228.01,232.93,37552096.0,AMZN
2024-12-13,228.4,230.2,225.8608,227.46,28768080.0,AMZN
2024-12-12,229.83,231.09,227.63,228.97,28204084.0,AMZN
2024-12-11,226.41,231.2,226.26,230.26,35385785.0,AMZN
2024-12-10,226.09,229.06,224.2002,225.04,31199864.0,AMZN
2024-12-09,227.21,230.08,225.67,226.09,46819363.0,AMZN
2024-12-06,220.75,227.15,220.6,227.03,44178069.0,AMZN
2024-12-05,218.03,222.15,217.3,220.55,41140220.0,AMZN
2024-12-04,215.96,220.0,215.75,218.16,48745716.0,AMZN
2024-12-03,210.31,214.02,209.65,213.44,32214828.0,AMZN
2024-12-02,209.96,212.99,209.5101,210.71,39523185.0,AMZN
2024-11-29,205.83,208.2,204.59,207.89,24892447.0,AMZN
2024-11-27,206.98,207.64,205.05,205.74,28061638.0,AMZN
2024-11-26,201.9,208.0,201.79,207.86,41673737.0,AMZN
2024-11-25,199.28,201.9499,199.0,201.45,40685672.0,AMZN
2024-11-22,198.25,199.2599,196.75,197.12,31530844.0,AMZN
2024-11-21,203.49,203.49,195.75,198.38,58800042.0,AMZN
2024-11-20,202.98,203.13,199.45,202.88,32768989.0,AMZN
2024-11-19,199.33,205.3,198.78,204.61,31197867.0,AMZN
2024-11-18,204.15,204.67,200.95,201.7,36512465.0,AMZN
2024-11-15,206.76,207.34,199.61,202.61,86591144.0,AMZN
2024-11-14,214.16,215.9,210.88,211.48,42620309.0,AMZN
2024-11-13,209.4,215.09,209.14,214.1,46212943.0,AMZN
2024-11-12,208.37,209.54,206.01,208.91,38942918.0,AMZN
2024-11-11,208.5,209.65,205.59,206.84,35456012.0,AMZN
2024-11-08,209.72,209.9633,207.44,208.18,36075846.0,AMZN
2024-11-07,207.44,212.25,207.19,210.05,52878383.0,AMZN
2024-11-06,200.01,207.55,199.14,207.09,72292167.0,AMZN
2024-11-05,196.04,199.82,195.99,199.5,30564784.0,AMZN
2024-11-04,196.45,197.33,194.3101,195.78,38492062.0,AMZN
2024-11-01,199.0,200.5,197.02,197.93,99687847.0,AMZN
2024-10-31,190.51,190.6,185.23,186.4,75146759.0,AMZN
2024-10-30,194.695,195.61,192.42,192.73,37707550.0,AMZN
2024-10-29,188.58,191.4599,187.815,190.83,35690158.0,AMZN
2024-10-28,189.565,190.21,188.21,188.39,27930836.0,AMZN
2024-10-25,187.85,190.45,187.53,187.83,29362060.0,AMZN
2024-10-24,185.25,187.11,183.86,186.38,21647395.0,AMZN
2024-10-23,188.85,189.16,183.69,184.71,31937089.0,AMZN
2024-10-22,188.35,191.5201,186.975,189.7,29650593.0,AMZN
2024-10-21,188.05,189.46,186.4,189.07,24639393.0,AMZN
2024-10-18,187.15,190.74,186.28,188.99,37417670.0,AMZN
2024-10-17,188.22,188.94,186.0,187.53,25039414.0,AMZN
2024-10-16,187.05,187.78,185.61,186.89,23456812.0,AMZN
2024-10-15,187.63,188.41,184.58,187.69,32178925.0,AMZN
2024-10-14,189.78,189.83,187.36,187.54,22614407.0,AMZN
2024-10-11,186.63,189.9284,186.3,188.82,25751557.0,AMZN
2024-10-10,187.13,188.134,185.83,186.65,27785043.0,AMZN
2024-10-09,182.82,185.845,182.05,185.17,26343117.0,AMZN
2024-10-08,181.915,183.09,180.92,182.72,26372086.0,AMZN
2024-10-07,182.95,183.6,180.25,180.8,42364201.0,AMZN
2024-10-04,185.75,187.6,183.6,186.51,41079011.0,AMZN
2024-10-03,183.045,183.44,180.875,181.96,30204302.0,AMZN
2024-10-02,184.44,186.6,184.04,184.76,23704056.0,AMZN
2024-10-01,184.9,186.19,183.4519,185.13,36044906.0,AMZN
2024-09-30,187.14,188.49,184.65,186.33,41680400.0,AMZN
2024-09-27,190.68,190.9,187.34,187.97,36002316.0,AMZN
2024-09-26,194.31,194.53,189.54,191.16,36334854.0,AMZN
2024-09-25,193.75,193.9498,192.16,192.53,26391144.0,AMZN
2024-09-24,194.27,195.37,190.13,193.96,43478926.0,AMZN
2024-09-23,191.64,194.45,190.57,193.88,36993111.0,AMZN
2024-09-20,190.23,191.84,187.41,191.6,100378553.0,AMZN
2024-09-19,190.04,190.99,188.47,189.87,39543168.0,AMZN
2024-09-18,186.45,188.8,185.06,186.43,34448130.0,AMZN
2024-09-17,186.85,189.45,186.14,186.88,26091682.0,AMZN
2024-09-16,185.29,185.81,183.36,184.89,26065485.0,AMZN
2024-09-13,187.0,188.5,185.91,186.49,26495351.0,AMZN
2024-09-12,184.8,187.41,183.54,187.0,33622483.0,AMZN
2024-09-11,180.095,184.99,175.73,184.52,42564698.0,AMZN
2024-09-10,177.49,180.5,176.79,179.55,36233796.0,AMZN
2024-09-09,174.53,175.85,173.51,175.4,29037362.0,AMZN
2024-09-06,177.24,178.38,171.16,171.39,41466537.0,AMZN
2024-09-05,175.0,179.875,174.995,177.89,40170526.0,AMZN
2024-09-04,174.48,175.98,172.54,173.33,29682478.0,AMZN
2024-09-03,177.55,178.26,175.26,176.25,37817511.0,AMZN
2024-08-30,172.78,178.9,172.6,178.5,43429355.0,AMZN
2024-08-29,173.22,174.29,170.81,172.12,26407815.0,AMZN
2024-08-28,173.69,173.69,168.92,170.8,29045025.0,AMZN
2024-08-27,174.15,174.89,172.25,173.12,29841979.0,AMZN
2024-08-26,176.7,177.4682,174.3,175.5,22366236.0,AMZN
2024-08-23,177.34,178.9699,175.24,177.04,29150091.0,AMZN
2024-08-22,181.38,181.47,175.68,176.13,32047482.0,AMZN
2024-08-21,179.92,182.385,178.8937,180.11,35599120.0,AMZN
2024-08-20,177.92,179.01,177.4308,178.88,26255204.0,AMZN
2024-08-19,177.64,178.3,176.16,178.22,31129807.0,AMZN
2024-08-16,177.04,178.34,176.2601,177.06,31489175.0,AMZN
2024-08-15,174.86,177.91,173.99,177.59,51698513.0,AMZN
2024-08-14,172.11,172.28,168.86,170.1,28843804.0,AMZN
2024-08-13,167.81,171.04,167.1,170.23,39237915.0,AMZN
2024-08-12,168.14,168.55,166.1101,166.8,30072788.0,AMZN
2024-08-09,166.4,168.55,165.85,166.94,36401049.0,AMZN
2024-08-08,165.165,166.6899,162.55,165.8,44616206.0,AMZN
2024-08-07,166.55,167.58,161.43,162.77,48408240.0,AMZN
2024-08-06,161.71,165.08,158.5404,161.93,59950830.0,AMZN
2024-08-05,154.21,162.96,151.61,161.02,83149437.0,AMZN
2024-08-02,166.75,168.77,160.55,167.9,141448365.0,AMZN
2024-08-01,189.285,190.6,181.87,184.07,70435635.0,AMZN
2024-07-31,185.05,187.94,184.46,186.98,41667326.0,AMZN
2024-07-30,184.72,185.86,179.38,181.71,39508574.0,AMZN
2024-07-29,183.84,184.75,182.38,183.2,33270123.0,AMZN
2024-07-26,180.39,183.19,180.24,182.5,29505964.0,AMZN
2024-07-25,182.91,183.8958,176.8,179.85,44464163.0,AMZN
2024-07-24,183.2,185.45,180.41,180.83,41532360.0,AMZN
2024-07-23,184.1,189.39,183.56,186.41,47537670.0,AMZN
2024-07-22,185.0,185.06,182.48,182.55,39931923.0,AMZN
2024-07-19,181.14,184.93,180.11,183.13,43081829.0,AMZN
2024-07-18,189.59,189.68,181.448,183.75,51043626.0,AMZN
2024-07-17,191.35,191.58,185.99,187.93,48076139.0,AMZN
2024-07-16,195.59,196.62,192.24,193.02,33994714.0,AMZN
2024-07-15,194.56,196.19,190.83,192.72,40683227.0,AMZN
2024-07-12,194.8,196.47,193.8301,194.49,30598525.0,AMZN
2024-07-11,200.09,200.2699,192.86,195.05,44565041.0,AMZN
2024-07-10,199.995,200.11,197.69,199.79,32883753.0,AMZN
2024-07-09,199.4,200.57,199.045,199.34,32756736.0,AMZN
2024-07-08,200.04,201.2,197.96,199.29,34767261.0,AMZN
2024-07-05,198.65,200.55,198.17,200.0,39858885.0,AMZN
2024-07-03,199.94,200.029,196.7601,197.59,31597926.0,AMZN
2024-07-02,197.28,200.43,195.93,200.0,45600013.0,AMZN
2024-07-01,193.49,198.2957,192.82,197.2,41192011.0,AMZN
2024-06-28,197.73,198.85,192.5,193.25,76930192.0,AMZN
2024-06-27,195.005,199.84,194.2,197.85,74397491.0,AMZN
2024-06-26,186.92,194.8,186.26,193.61,65103893.0,AMZN
2024-06-25,186.81,188.84,185.42,186.34,45898475.0,AMZN
2024-06-24,189.33,191.0,185.33,185.57,50610379.0,AMZN
2024-06-21,187.8,189.275,185.86,189.08,72931754.0,AMZN
2024-06-20,182.91,186.51,182.72,186.1,44726779.0,AMZN
2024-06-18,183.735,184.29,181.43,182.81,36659157.0,AMZN
2024-06-17,182.52,185.0,181.22,184.06,35601907.0,AMZN
2024-06-14,183.08,183.72,182.23,183.66,25456410.0,AMZN
2024-06-13,186.09,187.67,182.666,183.83,39721545.0,AMZN
2024-06-12,188.015,188.35,185.43,186.89,33984216.0,AMZN
2024-06-11,187.06,187.77,184.5373,187.23,27265108.0,AMZN
2024-06-10,184.07,187.23,183.79,187.06,34494498.0,AMZN
2024-06-07,184.9,186.2888,183.36,184.3,28021473.0,AMZN
2024-06-06,181.745,185.0,181.49,185.0,31371151.0,AMZN
2024-06-05,180.1,181.5,178.75,181.28,32116394.0,AMZN
2024-06-04,177.64,179.82,176.44,179.34,27198388.0,AMZN
2024-06-03,177.7,178.7,175.92,178.34,30786640.0,AMZN
2024-05-31,178.3,179.21,173.87,176.44,58903939.0,AMZN
2024-05-30,181.31,181.34,178.355,179.32,29249229.0,AMZN
2024-05-29,181.7,184.08,181.55,182.02,32009294.0,AMZN
2024-05-28,179.93,182.24,179.49,182.15,29926963.0,AMZN
2024-05-24,181.65,182.435,180.3,180.75,27471640.0,AMZN
2024-05-23,183.66,184.76,180.08,181.05,33670173.0,AMZN
2024-05-22,183.88,185.22,181.9715,183.13,28148784.0,AMZN
2024-05-21,182.3,183.26,180.75,183.15,50839129.0,AMZN
2024-05-20,184.34,186.665,183.28,183.54,30511768.0,AMZN
2024-05-17,183.76,185.3,183.35,184.7,33175655.0,AMZN
2024-05-16,185.6,187.31,183.46,183.63,38834450.0,AMZN
2024-05-15,185.97,186.7193,182.73,185.99,75459927.0,AMZN
2024-05-14,183.82,187.72,183.45,187.07,38698155.0,AMZN
2024-05-13,188.0,188.31,185.36,186.57,24898613.0,AMZN
2024-05-10,189.16,189.892,186.93,187.48,34141771.0,AMZN
2024-05-09,188.88,191.7,187.44,189.5,43368377.0,AMZN
2024-05-08,187.44,188.43,186.385,188.0,26136350.0,AMZN
2024-05-07,188.92,189.94,187.305,188.76,34048902.0,AMZN
2024-05-06,186.28,188.745,184.8,188.7,34725295.0,AMZN
2024-05-03,186.99,187.87,185.42,186.21,39172004.0,AMZN
2024-05-02,180.85,185.1,179.91,184.72,54303510.0,AMZN
2024-05-01,181.635,185.15,176.56,179.0,94645148.0,AMZN
2024-04-30,181.09,182.99,174.8,175.0,94639786.0,AMZN
2024-04-29,182.75,183.53,179.39,180.96,54063937.0,AMZN
2024-04-26,177.795,180.82,176.13,179.62,43919765.0,AMZN
2024-04-25,169.68,173.92,166.32,173.67,49249390.0,AMZN
2024-04-24,179.94,180.323,176.18,176.59,34185109.0,AMZN
2024-04-23,178.08,179.93,175.975,179.54,37046519.0,AMZN
2024-04-22,176.94,178.87,174.56,177.23,37924890.0,AMZN
2024-04-19,178.74,179.0,173.44,174.63,56000729.0,AMZN
2024-04-18,181.47,182.39,178.65,179.22,30723793.0,AMZN
2024-04-17,184.31,184.57,179.82,181.28,31359673.0,AMZN
2024-04-16,183.27,184.83,182.26,183.32,32891265.0,AMZN
2024-04-15,187.425,188.69,183.0,183.62,48052395.0,AMZN
2024-04-12,187.72,188.38,185.08,186.13,38608849.0,AMZN
2024-04-11,186.74,189.77,185.51,189.05,40020742.0,AMZN
2024-04-10,182.765,186.2699,182.67,185.95,35879151.0,AMZN
2024-04-09,187.24,187.34,184.2,185.67,36337354.0,AMZN
2024-04-08,186.9,187.29,184.81,185.19,38929087.0,AMZN
2024-04-05,182.38,186.27,181.97,185.07,42072115.0,AMZN
2024-04-04,184.0,185.1,180.0,180.0,41197087.0,AMZN
2024-04-03,179.9,182.87,179.8,182.41,30368799.0,AMZN
2024-04-02,179.07,180.79,178.3762,180.69,31929759.0,AMZN
2024-04-01,180.79,183.0,179.95,180.97,28374496.0,AMZN
2024-03-28,180.17,181.7,179.26,180.38,38051588.0,AMZN
2024-03-27,179.88,180.0,177.3099,179.83,33272551.0,AMZN
2024-03-26,180.15,180.45,177.95,178.3,29658982.0,AMZN
2024-03-25,178.01,180.99,177.24,179.71,29815464.0,AMZN
2024-03-22,177.752,179.255,176.75,178.87,27995378.0,AMZN
2024-03-21,179.988,181.415,178.15,178.15,32824320.0,AMZN
2024-03-20,176.14,178.53,174.64,178.15,29947150.0,AMZN
2024-03-19,174.215,176.09,173.52,175.9,26880893.0,AMZN
2024-03-18,175.8,176.69,174.28,174.48,31250688.0,AMZN
2024-03-15,176.64,177.93,173.9,174.42,72147390.0,AMZN
2024-03-14,177.69,179.53,176.465,178.75,43528139.0,AMZN
2024-03-13,175.9,177.62,175.55,176.555,30596153.0,AMZN
2024-03-12,173.5,176.76,171.98,175.39,35308322.0,AMZN
2024-03-11,174.31,174.47,171.47,171.96,28285183.0,AMZN
2024-03-08,176.44,178.785,174.33,175.35,37893242.0,AMZN
2024-03-07,174.83,177.99,173.72,176.82,34063283.0,AMZN
2024-03-06,175.54,176.46,173.26,173.51,32090926.0,AMZN
2024-03-05,176.93,176.93,173.303,174.12,37228343.0,AMZN
2024-03-04,177.53,180.14,177.49,177.58,37381520.0,AMZN
2024-03-01,176.75,178.725,176.07,178.22,31981152.0,AMZN
2024-02-29,173.01,177.22,172.85,176.76,53805359.0,AMZN
2024-02-28,172.44,174.05,172.27,173.16,28180482.0,AMZN
2024-02-27,174.075,174.62,172.86,173.54,31141732.0,AMZN
2024-02-26,175.7,176.37,174.26,174.73,44368614.0,AMZN
2024-02-23,174.28,175.75,173.7,174.99,59715243.0,AMZN
2024-02-22,173.1,174.8,171.77,174.58,55392354.0,AMZN
2024-02-21,168.94,170.23,167.14,168.59,44575623.0,AMZN
2024-02-20,167.83,168.71,165.74,167.08,41980326.0,AMZN
2024-02-16,168.74,170.42,167.17,169.51,48107744.0,AMZN
2024-02-15,170.58,171.17,167.59,169.8,49855196.0,AMZN
2024-02-14,169.21,171.21,168.28,170.98,42815544.0,AMZN
2024-02-13,167.73,170.95,165.75,168.64,56345122.0,AMZN
2024-02-12,174.8,175.39,171.54,172.34,51050440.0,AMZN
2024-02-09,170.9,175.0,170.5803,174.45,56985986.0,AMZN
2024-02-08,169.65,171.43,168.88,169.84,42316454.0,AMZN
2024-02-07,169.48,170.88,168.94,170.53,47174060.0,AMZN
2024-02-06,169.39,170.71,167.65,169.15,42505518.0,AMZN
2024-02-05,170.2,170.55,167.7,170.31,55081297.0,AMZN
2024-02-02,169.19,172.5,167.33,171.81,117218313.0,AMZN
2024-02-01,155.87,159.76,155.62,159.28,76542419.0,AMZN
2024-01-31,157.0,159.01,154.81,155.2,50284371.0,AMZN
2024-01-30,160.7,161.73,158.49,159.0,45207430.0,AMZN
2024-01-29,159.34,161.29,158.9,161.26,45270385.0,AMZN
2024-01-26,158.42,160.72,157.91,159.12,51047353.0,AMZN
2024-01-25,156.95,158.505,154.5501,157.75,43638592.0,AMZN
2024-01-24,157.8,158.51,156.48,156.87,47636725.0,AMZN
2024-01-23,154.85,156.21,153.93,156.02,37986039.0,AMZN
2024-01-22,156.89,157.05,153.9,154.78,43687468.0,AMZN
2024-01-19,153.83,155.76,152.74,155.34,51651628.0,AMZN
2024-01-18,152.77,153.775,151.82,153.5,37850245.0,AMZN
2024-01-17,151.49,152.15,149.91,151.71,34953363.0,AMZN
2024-01-16,153.53,154.99,152.15,153.16,41384636.0,AMZN
2024-01-12,155.39,156.2,154.01,154.62,40484155.0,AMZN
2024-01-11,155.04,157.17,153.12,155.18,49072691.0,AMZN
2024-01-10,152.06,154.42,151.881,153.73,44421830.0,AMZN
2024-01-09,148.33,151.71,148.21,151.37,43812567.0,AMZN
2024-01-08,146.74,149.4,146.15,149.1,46757053.0,AMZN
2024-01-05,144.69,146.59,144.53,145.24,44770343.0,AMZN
2024-01-04,145.59,147.38,144.05,144.57,56039807.0,AMZN
2024-01-03,149.2,151.05,148.33,148.47,49425495.0,AMZN
2024-01-02,151.54,152.38,148.39,149.93,47339424.0,AMZN
2025-01-17,136.69,138.5,135.4649,137.71,201188760.0,NVDA
2025-01-16,138.64,138.75,133.49,133.57,209235583.0,NVDA
2025-01-15,133.65,136.45,131.29,136.24,185217338.0,NVDA
2025-01-14,136.05,136.38,130.05,131.76,195590485.0,NVDA
2025-01-13,129.99,133.49,129.51,133.23,204808914.0,NVDA
2025-01-10,137.45,139.92,134.22,135.91,207602514.0,NVDA
2025-01-08,142.58,143.95,137.56,140.11,227349948.0,NVDA
2025-01-07,153.03,153.13,140.01,140.14,351782174.0,NVDA
2025-01-06,148.59,152.156,147.8201,149.43,265377359.0,NVDA
2025-01-03,140.01,144.9,139.73,144.47,229322478.0,NVDA
2025-01-02,136.0,138.88,134.63,138.31,198247166.0,NVDA
2024-12-31,138.03,138.07,133.83,134.29,155659211.0,NVDA
2024-12-30,134.83,140.27,134.02,137.49,167734700.0,NVDA
2024-12-27,138.55,139.02,134.71,137.01,170582603.0,NVDA
2024-12-26,139.7,140.85,137.73,139.93,116519090.0,NVDA
2024-12-24,140.0,141.9,138.65,140.22,105156989.0,NVDA
2024-12-23,136.28,139.79,135.1201,139.67,176053506.0,NVDA
2024-12-20,129.81,135.28,128.22,134.7,306528553.0,NVDA
2024-12-19,131.76,134.03,129.55,130.68,209719210.0,NVDA
2024-12-18,133.86,136.7,128.28,128.91,277444533.0,NVDA
2024-12-17,129.09,131.59,126.86,130.39,259410263.0,NVDA
2024-12-16,134.18,134.4,130.42,132.0,237951130.0,NVDA
2024-12-13,138.94,139.6,132.54,134.25,231514881.0,NVDA
2024-12-12,137.08,138.44,135.8,137.34,159211393.0,NVDA
2024-12-11,137.36,140.17,135.21,139.31,184905192.0,NVDA
2024-12-10,139.01,141.82,133.79,135.07,210020888.0,NVDA
2024-12-09,138.97,139.95,137.13,138.81,189308625.0,NVDA
2024-12-06,144.6,145.7,141.31,142.44,188505573.0,NVDA
2024-12-05,145.11,146.54,143.95,145.06,172621180.0,NVDA
2024-12-04,141.995,145.79,140.29,145.14,231224295.0,NVDA
2024-12-03,138.26,140.54,137.95,140.26,164413965.0,NVDA
2024-12-02,138.83,140.45,137.825,138.63,171682777.0,NVDA
2024-11-29,136.78,139.35,136.05,138.25,141863156.0,NVDA
2024-11-27,135.01,137.22,131.8,135.34,226370912.0,NVDA
2024-11-26,137.7,139.3,135.67,136.92,190287654.0,NVDA
2024-11-25,141.99,142.05,135.82,136.02,344941875.0,NVDA
2024-11-22,145.93,147.16,141.1,141.95,236406154.0,NVDA
2024-11-21,149.35,152.89,140.7,146.67,400946570.0,NVDA
2024-11-20,147.41,147.56,142.73,145.89,309871654.0,NVDA
2024-11-19,141.32,147.13,140.99,147.01,227834912.0,NVDA
2024-11-18,139.5,141.55,137.15,140.15,221865993.0,NVDA
2024-11-15,144.87,145.24,140.08,141.98,250132869.0,NVDA
2024-11-14,147.64,149.0,145.55,146.76,194463301.0,NVDA
2024-11-13,149.07,149.33,145.9,146.27,191903267.0,NVDA
2024-11-12,146.78,149.65,146.01,148.29,198634738.0,NVDA
2024-11-11,148.68,148.85,143.57,145.26,182325620.0,NVDA
2024-11-08,148.77,149.77,146.26,147.63,175665830.0,NVDA
2024-11-07,146.39,148.93,146.17,148.88,207323303.0,NVDA
2024-11-06,142.96,146.49,141.96,145.61,242043945.0,NVDA
2024-11-05,137.45,140.3701,137.33,139.91,160537373.0,NVDA
2024-11-04,137.21,138.96,135.57,136.05,187528173.0,NVDA
2024-11-01,134.7,137.31,134.57,135.4,207127838.0,NVDA
2024-10-31,137.6,137.61,132.1106,132.76,270039641.0,NVDA
2024-10-30,139.54,140.33,136.81,139.335,179418082.0,NVDA
2024-10-29,140.285,142.2598,138.9,141.25,157593634.0,NVDA
2024-10-28,143.0,143.14,140.05,140.52,173586745.0,NVDA
2024-10-25,140.93,144.13,140.8,141.54,205122109.0,NVDA
2024-10-24,140.82,141.35,138.46,140.41,172354888.0,NVDA
2024-10-23,142.03,142.43,137.46,139.56,285930038.0,NVDA
2024-10-22,142.91,144.42,141.78,143.59,226311589.0,NVDA
2024-10-21,138.13,143.71,138.0,143.71,264554514.0,NVDA
2024-10-18,138.665,138.9,137.28,138.0,176090184.0,NVDA
2024-10-17,139.34,140.89,136.87,136.93,306435921.0,NVDA
2024-10-16,133.98,136.62,131.58,135.72,264879720.0,NVDA
2024-10-15,137.87,138.57,128.74,131.6,377831021.0,NVDA
2024-10-14,136.47,139.6,136.3,138.07,232347668.0,NVDA
2024-10-11,134.01,135.78,133.66,134.8,170209474.0,NVDA
2024-10-10,131.91,135.0,131.0,134.81,242311337.0,NVDA
2024-10-09,134.11,134.52,131.38,132.65,246191612.0,NVDA
2024-10-08,130.26,133.48,129.42,132.89,285722485.0,NVDA
2024-10-07,124.99,130.64,124.95,127.72,346250233.0,NVDA
2024-10-04,124.94,125.04,121.83,124.92,244465552.0,NVDA
2024-10-03,120.92,124.36,120.3401,122.85,277117973.0,NVDA
2024-10-02,116.44,119.38,115.14,118.85,221845887.0,NVDA
2024-10-01,121.765,122.4351,115.79,117.0,302094485.0,NVDA
2024-09-30,118.31,121.5,118.15,121.44,227053651.0,NVDA
2024-09-27,123.97,124.03,119.26,121.4,271009175.0,NVDA
2024-09-26,126.8,127.665,121.8,124.04,302582868.0,NVDA
2024-09-25,122.02,124.94,121.61,123.51,284692948.0,NVDA
2024-09-24,116.515,121.8,115.38,120.87,354966772.0,NVDA
2024-09-23,116.55,116.99,114.86,116.26,206228490.0,NVDA
2024-09-20,117.06,118.6181,115.3901,116.0,382462428.0,NVDA
2024-09-19,117.35,119.66,117.25,117.87,293506438.0,NVDA
2024-09-18,115.89,117.7,113.22,113.37,310318937.0,NVDA
2024-09-17,118.17,118.8,114.83,115.59,231925876.0,NVDA
2024-09-16,116.79,118.18,114.36,116.78,248772308.0,NVDA
2024-09-13,119.08,119.955,117.6,119.1,238358328.0,NVDA
2024-09-12,116.84,120.79,115.38,119.14,367100496.0,NVDA
2024-09-11,109.39,117.19,107.42,116.91,441422370.0,NVDA
2024-09-10,107.81,109.4,104.95,108.1,268283736.0,NVDA
2024-09-09,104.88,106.55,103.69,106.47,273912015.0,NVDA
2024-09-06,108.04,108.15,100.95,102.83,413638098.0,NVDA
2024-09-05,104.985,109.65,104.76,107.21,306850696.0,NVDA
2024-09-04,105.41,113.27,104.12,106.21,368378810.0,NVDA
2024-09-03,116.01,116.21,107.29,108.0,477155100.0,NVDA
2024-08-30,119.53,121.75,117.22,119.37,333751583.0,NVDA
2024-08-29,121.355,124.43,116.71,117.59,453023305.0,NVDA
2024-08-28,128.12,128.33,122.64,125.61,448101115.0,NVDA
2024-08-27,125.05,129.2,123.88,128.3,303134573.0,NVDA
2024-08-26,129.57,131.26,124.37,126.46,331964672.0,NVDA
2024-08-23,125.86,129.6,125.22,129.37,323230332.0,NVDA
2024-08-22,130.02,130.75,123.1,123.74,376189076.0,NVDA
2024-08-21,127.315,129.35,126.66,128.5,257883572.0,NVDA
2024-08-20,128.4,129.88,125.89,127.25,300087415.0,NVDA
2024-08-19,124.28,130.0,123.42,130.0,318333577.0,NVDA
2024-08-16,121.94,125.0,121.18,124.58,302589872.0,NVDA
2024-08-15,118.76,123.24,117.47,122.86,318086673.0,NVDA
2024-08-14,118.53,118.6,114.07,118.08,339246407.0,NVDA
2024-08-13,112.44,116.23,111.58,116.14,312646660.0,NVDA
2024-08-12,106.32,111.07,106.26,109.02,325559870.0,NVDA
2024-08-09,105.64,106.6,103.43,104.75,290844157.0,NVDA
2024-08-08,102.0,105.5,97.52,104.97,391910023.0,NVDA
2024-08-07,107.81,108.8,98.69,98.91,411440423.0,NVDA
2024-08-06,103.84,107.71,100.55,104.25,409012089.0,NVDA
2024-08-05,92.06,103.41,90.69,100.45,552842375.0,NVDA
2024-08-02,103.76,108.72,101.37,107.27,482027464.0,NVDA
2024-08-01,117.53,120.16,106.8104,109.21,523462326.0,NVDA
2024-07-31,112.9,118.34,110.88,117.02,473174182.0,NVDA
2024-07-30,111.52,111.99,102.54,103.73,486833274.0,NVDA
2024-07-29,113.69,116.28,111.3,111.59,248152068.0,NVDA
2024-07-26,116.19,116.2,111.58,113.06,293399073.0,NVDA
2024-07-25,113.04,116.63,106.3,112.28,460067019.0,NVDA
2024-07-24,119.17,119.95,113.44,114.25,327776884.0,NVDA
2024-07-23,122.78,124.69,122.1,122.59,173910983.0,NVDA
2024-07-22,120.35,124.07,119.86,123.54,258068943.0,NVDA
2024-07-19,120.35,121.6,117.37,117.93,217223800.0,NVDA
2024-07-18,121.85,122.4,116.56,121.09,320979530.0,NVDA
2024-07-17,121.35,121.85,116.72,117.99,390086189.0,NVDA
2024-07-16,128.44,129.04,124.58,126.36,214769515.0,NVDA
2024-07-15,130.56,131.39,127.18,128.44,208326164.0,NVDA
2024-07-12,128.26,131.92,127.22,129.24,252680535.0,NVDA
2024-07-11,135.75,136.15,127.05,127.4,374782738.0,NVDA
2024-07-10,134.03,135.1,132.42,134.91,248978569.0,NVDA
2024-07-09,130.35,133.82,128.65,131.38,287020820.0,NVDA
2024-07-08,127.49,130.77,127.04,128.2,237677322.0,NVDA
2024-07-05,127.38,128.85,125.68,125.83,214176689.0,NVDA
2024-07-03,121.66,128.28,121.36,128.28,215748955.0,NVDA
2024-07-02,121.13,123.41,121.03,122.67,218373969.0,NVDA
2024-07-01,123.47,124.84,118.83,124.3,284885534.0,NVDA
2024-06-28,124.58,127.71,122.75,123.54,315516740.0,NVDA
2024-06-27,124.1,126.41,122.92,123.99,252571693.0,NVDA
2024-06-26,126.13,128.12,122.6,126.4,362975918.0,NVDA
2024-06-25,121.2,126.5,119.32,126.09,425787456.0,NVDA
2024-06-24,123.24,124.46,118.04,118.11,476060866.0,NVDA
2024-06-21,127.12,130.63,124.3,126.57,655484664.0,NVDA
2024-06-20,139.8,140.76,129.52,130.78,517768425.0,NVDA
2024-06-18,131.14,136.33,130.69,135.58,294335054.0,NVDA
2024-06-17,132.99,133.73,129.58,130.98,288504444.0,NVDA
2024-06-14,129.96,132.84,128.32,131.88,309320376.0,NVDA
2024-06-13,129.39,129.8,127.16,129.61,260704537.0,NVDA
2024-06-12,123.06,126.88,122.57,125.2,299595001.0,NVDA
2024-06-11,121.77,122.87,118.74,120.91,222551158.0,NVDA
2024-06-10,120.37,123.1,117.01,121.79,308134791.0,NVDA
2024-06-07,1197.7,1216.9171,1180.22,1208.88,41238580.0,NVDA
2024-06-06,1240.48,1255.87,1183.2,1209.98,66469619.0,NVDA
2024-06-05,1183.71,1224.495,1174.68,1224.4,52840178.0,NVDA
2024-06-04,1157.16,1166.0,1140.45,1164.37,40332401.0,NVDA
2024-06-03,1136.21,1150.0,1120.03,1150.0,43839176.0,NVDA
2024-05-31,1125.2,1127.17,1069.4,1096.33,61326250.0,NVDA
2024-05-30,1146.5,1158.1915,1096.63,1105.0,48735033.0,NVDA
2024-05-29,1130.5,1154.92,1109.01,1148.25,55744193.0,NVDA
2024-05-28,1102.44,1149.39,1098.83,1139.01,65272789.0,NVDA
2024-05-24,1044.49,1064.75,1030.0,1064.69,42949367.0,NVDA
2024-05-23,1020.28,1063.2,1015.2,1037.99,83506528.0,NVDA
2024-05-22,954.59,960.2,932.49,949.5,54864799.0,NVDA
2024-05-21,935.99,954.0,931.8,953.86,32894646.0,NVDA
2024-05-20,937.5,952.0,934.4,947.8,31876446.0,NVDA
2024-05-17,943.69,947.4,918.06,924.79,35969103.0,NVDA
2024-05-16,949.1,958.1899,941.03,943.59,32395182.0,NVDA
2024-05-15,924.72,948.62,915.99,946.3,41773545.0,NVDA
2024-05-14,895.99,916.51,889.34,913.56,29650708.0,NVDA
2024-05-13,904.78,909.98,885.29,903.99,28968017.0,NVDA
2024-05-10,903.045,914.01,892.27,898.78,33532541.0,NVDA
2024-05-09,905.29,910.72,882.31,887.47,37801268.0,NVDA
2024-05-08,894.825,911.94,894.2,904.12,32572102.0,NVDA
2024-05-07,910.98,917.8099,890.11,905.54,43734161.0,NVDA
2024-05-06,893.9,922.2,890.55,921.4,37620255.0,NVDA
2024-05-03,877.89,892.81,870.4,887.89,39834072.0,NVDA
2024-05-02,844.49,862.37,832.0,858.17,37789754.0,NVDA
2024-05-01,850.77,860.0,812.5456,830.41,55986317.0,NVDA
2024-04-30,872.4,888.19,863.0,864.02,36370870.0,NVDA
2024-04-29,875.95,879.92,852.66,877.57,38897076.0,NVDA
2024-04-26,838.18,883.3093,833.87,877.35,55101078.0,NVDA
2024-04-25,788.6801,833.2299,782.23,826.32,42464073.0,NVDA
2024-04-24,839.5,840.82,791.83,796.77,51220753.0,NVDA
2024-04-23,807.69,827.69,802.64,824.23,43855937.0,NVDA
2024-04-22,781.04,800.73,764.0,795.18,59634051.0,NVDA
2024-04-19,831.5,843.24,756.06,762.0,87519800.0,NVDA
2024-04-18,849.7,861.8999,824.02,846.71,44726034.0,NVDA
2024-04-17,883.4,887.75,839.5,840.35,49539951.0,NVDA
2024-04-16,864.325,881.18,860.639,874.15,37045302.0,NVDA
2024-04-15,890.98,906.13,859.2901,860.01,44307695.0,NVDA
2024-04-12,896.99,901.7499,875.3,881.86,42680479.0,NVDA
2024-04-11,874.2,907.3899,869.26,906.16,43163727.0,NVDA
2024-04-10,839.26,874.0,837.09,870.39,43192853.0,NVDA
2024-04-09,874.42,876.35,830.22,853.54,49977974.0,NVDA
2024-04-08,887.0,888.3,867.32,871.33,27907532.0,NVDA
2024-04-05,868.66,884.81,859.26,880.08,39772878.0,NVDA
2024-04-04,904.06,906.3399,858.8,859.05,42886990.0,NVDA
2024-04-03,884.84,903.74,884.0,889.64,36759126.0,NVDA
2024-04-02,884.48,900.94,876.2,894.52,43137935.0,NVDA
2024-04-01,902.99,922.25,892.04,903.63,44811733.0,NVDA
2024-03-28,900.0,913.0,891.93,903.56,43521227.0,NVDA
2024-03-27,931.12,932.4,891.23,902.5,58606723.0,NVDA
2024-03-26,958.51,963.75,925.02,925.61,51364758.0,NVDA
2024-03-25,939.41,967.6599,935.1,950.02,55213608.0,NVDA
2024-03-22,911.41,947.7799,908.3401,942.89,58671936.0,NVDA
2024-03-21,923.0,926.48,904.05,914.35,48037231.0,NVDA
2024-03-20,897.97,904.1,882.23,903.72,47906279.0,NVDA
2024-03-19,867.0,905.44,850.1,893.98,67217127.0,NVDA
2024-03-18,903.88,924.05,870.85,884.55,66897593.0,NVDA
2024-03-15,869.3,895.46,862.57,878.365,64208616.0,NVDA
2024-03-14,895.77,906.46,866.0,879.44,59711081.0,NVDA
2024-03-13,910.55,915.04,884.35,908.88,62726626.0,NVDA
2024-03-12,880.49,919.6,861.501,919.13,65437480.0,NVDA
2024-03-11,864.29,887.97,841.66,857.74,66611510.0,NVDA
2024-03-08,951.379,974.0,865.06,875.28,114226906.0,NVDA
2024-03-07,901.58,927.67,896.0201,926.69,60811916.0,NVDA
2024-03-06,880.22,897.24,870.3001,887.0,58252030.0,NVDA
2024-03-05,852.7,860.97,834.1701,859.64,52063930.0,NVDA
2024-03-04,841.3,876.95,837.19,852.37,61561645.0,NVDA
2024-03-01,800.0,823.0,794.3503,822.79,47913510.0,NVDA
2024-02-29,790.94,799.9,783.5,791.12,50728898.0,NVDA
2024-02-28,776.2,789.33,771.25,776.63,39311040.0,NVDA
2024-02-27,793.81,794.8,771.62,787.01,39170524.0,NVDA
2024-02-26,797.0,806.4599,785.05,790.92,50397273.0,NVDA
2024-02-23,807.9,823.94,775.7,788.17,82938837.0,NVDA
2024-02-22,750.25,785.75,742.2,785.38,86509974.0,NVDA
2024-02-21,680.06,688.88,662.48,674.72,69029813.0,NVDA
2024-02-20,719.47,719.56,677.34,694.52,70483310.0,NVDA
2024-02-16,741.0,744.02,725.01,726.13,49532662.0,NVDA
2024-02-15,738.69,739.75,724.0,726.58,42012181.0,NVDA
2024-02-14,732.02,742.36,719.38,739.0,50491742.0,NVDA
2024-02-13,704.0,734.5,696.2,721.28,60258015.0,NVDA
2024-02-12,726.0,746.11,712.5,722.48,61371018.0,NVDA
2024-02-09,705.33,721.85,702.12,721.33,43663689.0,NVDA
2024-02-08,700.74,707.94,694.55,696.41,41442211.0,NVDA
2024-02-07,683.19,702.2,676.0,700.99,49557455.0,NVDA
2024-02-06,696.3,697.5399,663.0,682.23,68311136.0,NVDA
2024-02-05,682.25,694.97,672.05,693.32,68007801.0,NVDA
2024-02-02,639.74,666.0,636.9,661.6,47657765.0,NVDA
2024-02-01,621.0,631.91,616.5,630.27,36914579.0,NVDA
2024-01-31,614.4,622.6902,607.0,615.27,45379487.0,NVDA
2024-01-30,629.0,634.93,622.6,627.74,41073530.0,NVDA
2024-01-29,612.32,624.89,609.07,624.65,34873298.0,NVDA
2024-01-26,609.6,617.83,605.73,610.31,39030859.0,NVDA
2024-01-25,623.5,627.19,608.5,616.17,48277684.0,NVDA
2024-01-24,603.04,628.49,599.38,613.62,55706870.0,NVDA
2024-01-23,595.7,599.1,585.85,598.73,29465445.0,NVDA
2024-01-22,600.49,603.31,590.7,596.54,45295463.0,NVDA
2024-01-19,579.89,595.0,572.25,594.91,54350148.0,NVDA
2024-01-18,572.6,576.0,561.07,571.07,49165036.0,NVDA
2024-01-17,563.47,564.7068,547.4,560.53,47439444.0,NVDA
2024-01-16,550.18,568.3499,549.0,563.82,44957973.0,NVDA
2024-01-12,546.2,549.7,543.3008,547.1,35299360.0,NVDA
2024-01-11,549.99,553.46,535.6,548.22,59675877.0,NVDA
2024-01-10,536.16,546.0,534.89,543.5,53379576.0,NVDA
2024-01-09,524.01,543.25,516.9,531.4,77310006.0,NVDA
2024-01-08,495.12,522.75,494.79,522.53,64250990.0,NVDA
2024-01-05,484.62,495.47,483.0601,490.97,41080455.0,NVDA
2024-01-04,477.67,485.0,475.08,479.98,30653489.0,NVDA
2024-01-03,474.85,481.841,473.2,475.69,32089617.0,NVDA
2024-01-02,492.44,492.95,475.95,481.68,41125422.0,NVDA
